"exportedTimestampUTC","subscriptionId","subscriptionName","resourceGroup","resourceType","resourceName","resourceId","alertId","alertName","alertLocation","alertType","activityTimeUTC","lastUpdatedTimeUTC","alertDisplayName","alertSeverity","Description","remediationSteps","DetectedBy","azurePortalAlertLink","entities","supportingEvidence"
"2026-05-28T09:34:42Z","81f5a034-aefd-420d-bba8-59127cfb1924","Azure for Students","mdc-group","virtual machine","linuxmdc","/subscriptions/81f5a034-aefd-420d-bba8-59127cfb1924/resourcegroups/mdc-group/providers/microsoft.compute/virtualmachines/linuxmdc","dec2917e-ac3b-ddff-3874-d219e077fae6","VM.MDATP_32bb6594-fac7-49f8-9c6f-aa633b1c7326","centralus","Alert","2026-05-28T08:58:38Z","2026-05-28T08:59:28Z","Unusual number of failed sign-in attempts","Medium","A relatively high number of failed sign-in attempts were observed during a short period. This activity can indicate an attempt to brute-force credentials.

For more information, read the IoT devices and Linux-based systems targeted by OpenSSH trojan campaign Threat Analytics report: https://security.microsoft.com/threatanalytics3/59e6e47e-9992-4d3c-b46e-d5cd825d89c6/analystreport?

Brute force attempt for user 'Account: LinuxMDC\user  - 4294967295'","[""1. Make sure the machine is completely updated and all your software has the latest patch."",""2. Contact your incident response team."",""3. Install and run Microsoft’s Malicious Software Removal Tool (see https://www.microsoft.com/en-us/download/malicious-software-removal-tool-details.aspx)."",""4. Run Microsoft’s Autoruns utility and try to identify unknown applications that are configured to run at login (see https://technet.microsoft.com/en-us/sysinternals/bb963902.aspx)."",""5. Run Process Explorer and try to identify unknown running processes (see https://technet.microsoft.com/en-us/sysinternals/bb896653.aspx).""]","Microsoft","https://portal.azure.com/#blade/Microsoft_Azure_Security_AzureDefenderForData/AlertBlade/location/centralus/subscriptionId/81f5a034-aefd-420d-bba8-59127cfb1924/resourceGroup/mdc-group/alertId/dec2917e-ac3b-ddff-3874-d219e077fae6/referencedFrom/csvReport","[{""$id"":""4"",""directory"":""/usr/sbin/"",""name"":""sshd"",""fileHashes"":[{""$id"":""5"",""algorithm"":""SHA1"",""value"":""4206d6ecbcf171150d3f0c1ad77f138bbc68ae34"",""friendlyName"":""SHA1/4206d6ecbcf171150d3f0c1ad77f138bbc68ae34"",""asset"":false,""rbacScopes"":{""scopesPerType"":{""Workloads"":{""mode"":""All"",""scopes"":[""Mdc""]}}},""type"":""filehash""},{""$id"":""6"",""algorithm"":""MD5"",""value"":""8fa8a96f6b61635e06a6322fefb08d3f"",""friendlyName"":""MD5/8fa8a96f6b61635e06a6322fefb08d3f"",""asset"":false,""rbacScopes"":{""scopesPerType"":{""Workloads"":{""mode"":""All"",""scopes"":[""Mdc""]}}},""type"":""filehash""},{""$id"":""7"",""algorithm"":""SHA256"",""value"":""660dc5637b0530b9af0e009a0e26aa93030b22981a659a4504762032b4f4b4f6"",""friendlyName"":""SHA256/660dc5637b0530b9af0e009a0e26aa93030b22981a659a4504762032b4f4b4f6"",""asset"":false,""rbacScopes"":{""scopesPerType"":{""Workloads"":{""mode"":""All"",""scopes"":[""Mdc""]}}},""type"":""filehash""}],""asset"":false,""rbacScopes"":{""scopesPerType"":{""Workloads"":{""mode"":""All"",""scopes"":[""Mdc""]}}},""type"":""file""},{""$ref"":""5""},{""$ref"":""6""},{""$ref"":""7""},{""$id"":""8"",""dnsDomain"":""zvlbbg4xmgkurdbjlsym5fvrkd.rx.internal.cloudapp.net"",""hostName"":""linuxmdc"",""entityIds"":[{""type"":""DomainName"",""id"":""linuxmdc.zvlbbg4xmgkurdbjlsym5fvrkd.rx.internal.cloudapp.net""}],""asset"":true,""rbacScopes"":{""scopesPerType"":{""Workloads"":{""mode"":""All"",""scopes"":[""Mdc""]}}},""type"":""host""},{""$id"":""9"",""name"":""root"",""ntDomain"":""LinuxMDC"",""host"":{""$ref"":""8""},""isDomainJoined"":false,""entityIds"":[{""type"":""ActiveDirectorySAMAccountName"",""id"":""domain=linuxmdc;samaccountname=root""}],""asset"":true,""rbacScopes"":{""scopesPerType"":{""Workloads"":{""mode"":""All"",""scopes"":[""Mdc""]}}},""type"":""account""},{""$id"":""10"",""resourceId"":""/subscriptions/81f5a034-aefd-420d-bba8-59127cfb1924/resourcegroups/mdc-group/providers/microsoft.compute/virtualmachines/linuxmdc"",""resourceType"":""Virtual Machine"",""resourceName"":""linuxmdc"",""metadata"":{""IsGraphCenter"":true},""entityIds"":[{""type"":""AzureResourceId"",""id"":""/subscriptions/81f5a034-aefd-420d-bba8-59127cfb1924/resourcegroups/mdc-group/providers/microsoft.compute/virtualmachines/linuxmdc""}],""asset"":true,""rbacScopes"":{""scopesPerType"":{""Workloads"":{""mode"":""All"",""scopes"":[""Mdc""]}}},""type"":""azure-resource""}]",""
"2026-05-28T09:34:42Z","81f5a034-aefd-420d-bba8-59127cfb1924","Azure for Students","mdc-group","virtual machine","linuxmdc","/subscriptions/81f5a034-aefd-420d-bba8-59127cfb1924/resourcegroups/mdc-group/providers/microsoft.compute/virtualmachines/linuxmdc","ad94a7b7-458d-c163-771e-701e0b69af8b","VM.MDATP_32bb6594-fac7-49f8-9c6f-aa633b1c7326","centralus","Alert","2026-05-28T08:58:35Z","2026-05-28T08:59:05Z","Unusual number of failed sign-in attempts","Medium","A relatively high number of failed sign-in attempts were observed during a short period. This activity can indicate an attempt to brute-force credentials.

For more information, read the IoT devices and Linux-based systems targeted by OpenSSH trojan campaign Threat Analytics report: https://security.microsoft.com/threatanalytics3/59e6e47e-9992-4d3c-b46e-d5cd825d89c6/analystreport?

Brute force attempt for user 'Account: LinuxMDC\user  - 4294967295'","[""1. Make sure the machine is completely updated and all your software has the latest patch."",""2. Contact your incident response team."",""3. Install and run Microsoft’s Malicious Software Removal Tool (see https://www.microsoft.com/en-us/download/malicious-software-removal-tool-details.aspx)."",""4. Run Microsoft’s Autoruns utility and try to identify unknown applications that are configured to run at login (see https://technet.microsoft.com/en-us/sysinternals/bb963902.aspx)."",""5. Run Process Explorer and try to identify unknown running processes (see https://technet.microsoft.com/en-us/sysinternals/bb896653.aspx).""]","Microsoft","https://portal.azure.com/#blade/Microsoft_Azure_Security_AzureDefenderForData/AlertBlade/location/centralus/subscriptionId/81f5a034-aefd-420d-bba8-59127cfb1924/resourceGroup/mdc-group/alertId/ad94a7b7-458d-c163-771e-701e0b69af8b/referencedFrom/csvReport","[{""$id"":""14"",""address"":""152.58.188.16"",""location"":{""countryCode"":""IN"",""countryName"":""India"",""state"":""Bihar"",""city"":""Khagaul"",""longitude"":85.04,""latitude"":25.5794,""asn"":55836,""carrier"":""Reliance Jio Infocomm Limited"",""organization"":""Reliance Jio Infocomm Limited""},""entityIds"":[{""type"":""IPv4Address"",""id"":""152.58.188.16""}],""asset"":false,""rbacScopes"":{""scopesPerType"":{""Workloads"":{""mode"":""All"",""scopes"":[""Mdc""]}}},""type"":""ip""},{""$id"":""15"",""dnsDomain"":""zvlbbg4xmgkurdbjlsym5fvrkd.rx.internal.cloudapp.net"",""hostName"":""linuxmdc"",""entityIds"":[{""type"":""DomainName"",""id"":""linuxmdc.zvlbbg4xmgkurdbjlsym5fvrkd.rx.internal.cloudapp.net""}],""asset"":true,""rbacScopes"":{""scopesPerType"":{""Workloads"":{""mode"":""All"",""scopes"":[""Mdc""]}}},""type"":""host""},{""$id"":""16"",""name"":""root"",""ntDomain"":""LinuxMDC"",""host"":{""$ref"":""15""},""isDomainJoined"":false,""entityIds"":[{""type"":""ActiveDirectorySAMAccountName"",""id"":""domain=linuxmdc;samaccountname=root""}],""asset"":true,""rbacScopes"":{""scopesPerType"":{""Workloads"":{""mode"":""All"",""scopes"":[""Mdc""]}}},""type"":""account""},{""$id"":""17"",""resourceId"":""/subscriptions/81f5a034-aefd-420d-bba8-59127cfb1924/resourcegroups/mdc-group/providers/microsoft.compute/virtualmachines/linuxmdc"",""resourceType"":""Virtual Machine"",""resourceName"":""linuxmdc"",""metadata"":{""IsGraphCenter"":true},""entityIds"":[{""type"":""AzureResourceId"",""id"":""/subscriptions/81f5a034-aefd-420d-bba8-59127cfb1924/resourcegroups/mdc-group/providers/microsoft.compute/virtualmachines/linuxmdc""}],""asset"":true,""rbacScopes"":{""scopesPerType"":{""Workloads"":{""mode"":""All"",""scopes"":[""Mdc""]}}},""type"":""azure-resource""}]",""
"2026-05-28T09:34:42Z","81f5a034-aefd-420d-bba8-59127cfb1924","Azure for Students","mdc-group","virtual machine","linuxmdc","/subscriptions/81f5a034-aefd-420d-bba8-59127cfb1924/resourcegroups/mdc-group/providers/microsoft.compute/virtualmachines/linuxmdc","f395e6c2-7e8f-c6e9-087a-bf81a88f88c1","VM.MDATP_32bb6594-fac7-49f8-9c6f-aa633b1c7326","centralus","Alert","2026-05-28T08:58:34Z","2026-05-28T08:59:05Z","Unusual number of failed sign-in attempts","Medium","A relatively high number of failed sign-in attempts were observed during a short period. This activity can indicate an attempt to brute-force credentials.

For more information, read the IoT devices and Linux-based systems targeted by OpenSSH trojan campaign Threat Analytics report: https://security.microsoft.com/threatanalytics3/59e6e47e-9992-4d3c-b46e-d5cd825d89c6/analystreport?

Brute force attempt for user 'Account: LinuxMDC\user  - 4294967295'","[""1. Make sure the machine is completely updated and all your software has the latest patch."",""2. Contact your incident response team."",""3. Install and run Microsoft’s Malicious Software Removal Tool (see https://www.microsoft.com/en-us/download/malicious-software-removal-tool-details.aspx)."",""4. Run Microsoft’s Autoruns utility and try to identify unknown applications that are configured to run at login (see https://technet.microsoft.com/en-us/sysinternals/bb963902.aspx)."",""5. Run Process Explorer and try to identify unknown running processes (see https://technet.microsoft.com/en-us/sysinternals/bb896653.aspx).""]","Microsoft","https://portal.azure.com/#blade/Microsoft_Azure_Security_AzureDefenderForData/AlertBlade/location/centralus/subscriptionId/81f5a034-aefd-420d-bba8-59127cfb1924/resourceGroup/mdc-group/alertId/f395e6c2-7e8f-c6e9-087a-bf81a88f88c1/referencedFrom/csvReport","[{""$id"":""21"",""directory"":""/usr/sbin/"",""name"":""sshd"",""fileHashes"":[{""$id"":""22"",""algorithm"":""SHA1"",""value"":""4206d6ecbcf171150d3f0c1ad77f138bbc68ae34"",""friendlyName"":""SHA1/4206d6ecbcf171150d3f0c1ad77f138bbc68ae34"",""asset"":false,""rbacScopes"":{""scopesPerType"":{""Workloads"":{""mode"":""All"",""scopes"":[""Mdc""]}}},""type"":""filehash""},{""$id"":""23"",""algorithm"":""MD5"",""value"":""8fa8a96f6b61635e06a6322fefb08d3f"",""friendlyName"":""MD5/8fa8a96f6b61635e06a6322fefb08d3f"",""asset"":false,""rbacScopes"":{""scopesPerType"":{""Workloads"":{""mode"":""All"",""scopes"":[""Mdc""]}}},""type"":""filehash""},{""$id"":""24"",""algorithm"":""SHA256"",""value"":""660dc5637b0530b9af0e009a0e26aa93030b22981a659a4504762032b4f4b4f6"",""friendlyName"":""SHA256/660dc5637b0530b9af0e009a0e26aa93030b22981a659a4504762032b4f4b4f6"",""asset"":false,""rbacScopes"":{""scopesPerType"":{""Workloads"":{""mode"":""All"",""scopes"":[""Mdc""]}}},""type"":""filehash""}],""asset"":false,""rbacScopes"":{""scopesPerType"":{""Workloads"":{""mode"":""All"",""scopes"":[""Mdc""]}}},""type"":""file""},{""$ref"":""22""},{""$ref"":""23""},{""$ref"":""24""},{""$id"":""25"",""dnsDomain"":""zvlbbg4xmgkurdbjlsym5fvrkd.rx.internal.cloudapp.net"",""hostName"":""linuxmdc"",""entityIds"":[{""type"":""DomainName"",""id"":""linuxmdc.zvlbbg4xmgkurdbjlsym5fvrkd.rx.internal.cloudapp.net""}],""asset"":true,""rbacScopes"":{""scopesPerType"":{""Workloads"":{""mode"":""All"",""scopes"":[""Mdc""]}}},""type"":""host""},{""$id"":""26"",""name"":""root"",""ntDomain"":""LinuxMDC"",""host"":{""$ref"":""25""},""isDomainJoined"":false,""entityIds"":[{""type"":""ActiveDirectorySAMAccountName"",""id"":""domain=linuxmdc;samaccountname=root""}],""asset"":true,""rbacScopes"":{""scopesPerType"":{""Workloads"":{""mode"":""All"",""scopes"":[""Mdc""]}}},""type"":""account""},{""$id"":""27"",""resourceId"":""/subscriptions/81f5a034-aefd-420d-bba8-59127cfb1924/resourcegroups/mdc-group/providers/microsoft.compute/virtualmachines/linuxmdc"",""resourceType"":""Virtual Machine"",""resourceName"":""linuxmdc"",""metadata"":{""IsGraphCenter"":true},""entityIds"":[{""type"":""AzureResourceId"",""id"":""/subscriptions/81f5a034-aefd-420d-bba8-59127cfb1924/resourcegroups/mdc-group/providers/microsoft.compute/virtualmachines/linuxmdc""}],""asset"":true,""rbacScopes"":{""scopesPerType"":{""Workloads"":{""mode"":""All"",""scopes"":[""Mdc""]}}},""type"":""azure-resource""}]",""
"2026-05-28T09:34:42Z","81f5a034-aefd-420d-bba8-59127cfb1924","Azure for Students","mdc-group","virtual machine","linuxmdc","/subscriptions/81f5a034-aefd-420d-bba8-59127cfb1924/resourcegroups/mdc-group/providers/microsoft.compute/virtualmachines/linuxmdc","82db5c2e-d709-570b-22e2-997a2a387918","VM.MDATP_32bb6594-fac7-49f8-9c6f-aa633b1c7326","centralus","Alert","2026-05-28T08:58:29Z","2026-05-28T08:59:28Z","Unusual number of failed sign-in attempts","Medium","A relatively high number of failed sign-in attempts were observed during a short period. This activity can indicate an attempt to brute-force credentials.

For more information, read the IoT devices and Linux-based systems targeted by OpenSSH trojan campaign Threat Analytics report: https://security.microsoft.com/threatanalytics3/59e6e47e-9992-4d3c-b46e-d5cd825d89c6/analystreport?

Brute force attempt for user 'Account: LinuxMDC\user  - 4294967295'","[""1. Make sure the machine is completely updated and all your software has the latest patch."",""2. Contact your incident response team."",""3. Install and run Microsoft’s Malicious Software Removal Tool (see https://www.microsoft.com/en-us/download/malicious-software-removal-tool-details.aspx)."",""4. Run Microsoft’s Autoruns utility and try to identify unknown applications that are configured to run at login (see https://technet.microsoft.com/en-us/sysinternals/bb963902.aspx)."",""5. Run Process Explorer and try to identify unknown running processes (see https://technet.microsoft.com/en-us/sysinternals/bb896653.aspx).""]","Microsoft","https://portal.azure.com/#blade/Microsoft_Azure_Security_AzureDefenderForData/AlertBlade/location/centralus/subscriptionId/81f5a034-aefd-420d-bba8-59127cfb1924/resourceGroup/mdc-group/alertId/82db5c2e-d709-570b-22e2-997a2a387918/referencedFrom/csvReport","[{""$id"":""31"",""directory"":""/usr/sbin/"",""name"":""sshd"",""fileHashes"":[{""$id"":""32"",""algorithm"":""SHA1"",""value"":""4206d6ecbcf171150d3f0c1ad77f138bbc68ae34"",""friendlyName"":""SHA1/4206d6ecbcf171150d3f0c1ad77f138bbc68ae34"",""asset"":false,""rbacScopes"":{""scopesPerType"":{""Workloads"":{""mode"":""All"",""scopes"":[""Mdc""]}}},""type"":""filehash""},{""$id"":""33"",""algorithm"":""MD5"",""value"":""8fa8a96f6b61635e06a6322fefb08d3f"",""friendlyName"":""MD5/8fa8a96f6b61635e06a6322fefb08d3f"",""asset"":false,""rbacScopes"":{""scopesPerType"":{""Workloads"":{""mode"":""All"",""scopes"":[""Mdc""]}}},""type"":""filehash""},{""$id"":""34"",""algorithm"":""SHA256"",""value"":""660dc5637b0530b9af0e009a0e26aa93030b22981a659a4504762032b4f4b4f6"",""friendlyName"":""SHA256/660dc5637b0530b9af0e009a0e26aa93030b22981a659a4504762032b4f4b4f6"",""asset"":false,""rbacScopes"":{""scopesPerType"":{""Workloads"":{""mode"":""All"",""scopes"":[""Mdc""]}}},""type"":""filehash""}],""asset"":false,""rbacScopes"":{""scopesPerType"":{""Workloads"":{""mode"":""All"",""scopes"":[""Mdc""]}}},""type"":""file""},{""$ref"":""32""},{""$ref"":""33""},{""$ref"":""34""},{""$id"":""35"",""dnsDomain"":""zvlbbg4xmgkurdbjlsym5fvrkd.rx.internal.cloudapp.net"",""hostName"":""linuxmdc"",""entityIds"":[{""type"":""DomainName"",""id"":""linuxmdc.zvlbbg4xmgkurdbjlsym5fvrkd.rx.internal.cloudapp.net""}],""asset"":true,""rbacScopes"":{""scopesPerType"":{""Workloads"":{""mode"":""All"",""scopes"":[""Mdc""]}}},""type"":""host""},{""$id"":""36"",""name"":""root"",""ntDomain"":""LinuxMDC"",""host"":{""$ref"":""35""},""isDomainJoined"":false,""entityIds"":[{""type"":""ActiveDirectorySAMAccountName"",""id"":""domain=linuxmdc;samaccountname=root""}],""asset"":true,""rbacScopes"":{""scopesPerType"":{""Workloads"":{""mode"":""All"",""scopes"":[""Mdc""]}}},""type"":""account""},{""$id"":""37"",""resourceId"":""/subscriptions/81f5a034-aefd-420d-bba8-59127cfb1924/resourcegroups/mdc-group/providers/microsoft.compute/virtualmachines/linuxmdc"",""resourceType"":""Virtual Machine"",""resourceName"":""linuxmdc"",""metadata"":{""IsGraphCenter"":true},""entityIds"":[{""type"":""AzureResourceId"",""id"":""/subscriptions/81f5a034-aefd-420d-bba8-59127cfb1924/resourcegroups/mdc-group/providers/microsoft.compute/virtualmachines/linuxmdc""}],""asset"":true,""rbacScopes"":{""scopesPerType"":{""Workloads"":{""mode"":""All"",""scopes"":[""Mdc""]}}},""type"":""azure-resource""}]",""
"2026-05-28T09:34:42Z","81f5a034-aefd-420d-bba8-59127cfb1924","Azure for Students","mdc-group","virtual machine","linuxmdc","/subscriptions/81f5a034-aefd-420d-bba8-59127cfb1924/resourcegroups/mdc-group/providers/microsoft.compute/virtualmachines/linuxmdc","eaf9775d-5ced-6155-ddb5-700a542c41b7","VM.MDATP_32bb6594-fac7-49f8-9c6f-aa633b1c7326","centralus","Alert","2026-05-28T08:58:25Z","2026-05-28T08:59:29Z","Unusual number of failed sign-in attempts","Medium","A relatively high number of failed sign-in attempts were observed during a short period. This activity can indicate an attempt to brute-force credentials.

For more information, read the IoT devices and Linux-based systems targeted by OpenSSH trojan campaign Threat Analytics report: https://security.microsoft.com/threatanalytics3/59e6e47e-9992-4d3c-b46e-d5cd825d89c6/analystreport?

Brute force attempt for user 'Account: LinuxMDC\user  - 4294967295'","[""1. Make sure the machine is completely updated and all your software has the latest patch."",""2. Contact your incident response team."",""3. Install and run Microsoft’s Malicious Software Removal Tool (see https://www.microsoft.com/en-us/download/malicious-software-removal-tool-details.aspx)."",""4. Run Microsoft’s Autoruns utility and try to identify unknown applications that are configured to run at login (see https://technet.microsoft.com/en-us/sysinternals/bb963902.aspx)."",""5. Run Process Explorer and try to identify unknown running processes (see https://technet.microsoft.com/en-us/sysinternals/bb896653.aspx).""]","Microsoft","https://portal.azure.com/#blade/Microsoft_Azure_Security_AzureDefenderForData/AlertBlade/location/centralus/subscriptionId/81f5a034-aefd-420d-bba8-59127cfb1924/resourceGroup/mdc-group/alertId/eaf9775d-5ced-6155-ddb5-700a542c41b7/referencedFrom/csvReport","[{""$id"":""41"",""address"":""222.102.21.104"",""location"":{""countryCode"":""KR"",""countryName"":""Korea (South)"",""state"":""Jeollanam-Do"",""city"":""Muan-Eup"",""longitude"":126.4763,""latitude"":34.9905,""asn"":4766,""carrier"":""Korea Telecom"",""organization"":""Korea Telecom""},""entityIds"":[{""type"":""IPv4Address"",""id"":""222.102.21.104""}],""asset"":false,""rbacScopes"":{""scopesPerType"":{""Workloads"":{""mode"":""All"",""scopes"":[""Mdc""]}}},""type"":""ip""},{""$id"":""42"",""dnsDomain"":""zvlbbg4xmgkurdbjlsym5fvrkd.rx.internal.cloudapp.net"",""hostName"":""linuxmdc"",""entityIds"":[{""type"":""DomainName"",""id"":""linuxmdc.zvlbbg4xmgkurdbjlsym5fvrkd.rx.internal.cloudapp.net""}],""asset"":true,""rbacScopes"":{""scopesPerType"":{""Workloads"":{""mode"":""All"",""scopes"":[""Mdc""]}}},""type"":""host""},{""$id"":""43"",""name"":""root"",""ntDomain"":""LinuxMDC"",""host"":{""$ref"":""42""},""isDomainJoined"":false,""entityIds"":[{""type"":""ActiveDirectorySAMAccountName"",""id"":""domain=linuxmdc;samaccountname=root""}],""asset"":true,""rbacScopes"":{""scopesPerType"":{""Workloads"":{""mode"":""All"",""scopes"":[""Mdc""]}}},""type"":""account""},{""$id"":""44"",""resourceId"":""/subscriptions/81f5a034-aefd-420d-bba8-59127cfb1924/resourcegroups/mdc-group/providers/microsoft.compute/virtualmachines/linuxmdc"",""resourceType"":""Virtual Machine"",""resourceName"":""linuxmdc"",""metadata"":{""IsGraphCenter"":true},""entityIds"":[{""type"":""AzureResourceId"",""id"":""/subscriptions/81f5a034-aefd-420d-bba8-59127cfb1924/resourcegroups/mdc-group/providers/microsoft.compute/virtualmachines/linuxmdc""}],""asset"":true,""rbacScopes"":{""scopesPerType"":{""Workloads"":{""mode"":""All"",""scopes"":[""Mdc""]}}},""type"":""azure-resource""}]",""
"2026-05-28T09:34:42Z","81f5a034-aefd-420d-bba8-59127cfb1924","Azure for Students","mdc-group","virtual machine","linuxmdc","/subscriptions/81f5a034-aefd-420d-bba8-59127cfb1924/resourcegroups/mdc-group/providers/microsoft.compute/virtualmachines/linuxmdc","41159b52-84e6-b950-ed4c-bfe455f0e880","VM.MDATP_32bb6594-fac7-49f8-9c6f-aa633b1c7326","centralus","Alert","2026-05-28T08:58:23Z","2026-05-28T08:59:29Z","Unusual number of failed sign-in attempts","Medium","A relatively high number of failed sign-in attempts were observed during a short period. This activity can indicate an attempt to brute-force credentials.

For more information, read the IoT devices and Linux-based systems targeted by OpenSSH trojan campaign Threat Analytics report: https://security.microsoft.com/threatanalytics3/59e6e47e-9992-4d3c-b46e-d5cd825d89c6/analystreport?

Brute force attempt for user 'Account: LinuxMDC\user  - 4294967295'","[""1. Make sure the machine is completely updated and all your software has the latest patch."",""2. Contact your incident response team."",""3. Install and run Microsoft’s Malicious Software Removal Tool (see https://www.microsoft.com/en-us/download/malicious-software-removal-tool-details.aspx)."",""4. Run Microsoft’s Autoruns utility and try to identify unknown applications that are configured to run at login (see https://technet.microsoft.com/en-us/sysinternals/bb963902.aspx)."",""5. Run Process Explorer and try to identify unknown running processes (see https://technet.microsoft.com/en-us/sysinternals/bb896653.aspx).""]","Microsoft","https://portal.azure.com/#blade/Microsoft_Azure_Security_AzureDefenderForData/AlertBlade/location/centralus/subscriptionId/81f5a034-aefd-420d-bba8-59127cfb1924/resourceGroup/mdc-group/alertId/41159b52-84e6-b950-ed4c-bfe455f0e880/referencedFrom/csvReport","[{""$id"":""48"",""dnsDomain"":""zvlbbg4xmgkurdbjlsym5fvrkd.rx.internal.cloudapp.net"",""hostName"":""linuxmdc"",""entityIds"":[{""type"":""DomainName"",""id"":""linuxmdc.zvlbbg4xmgkurdbjlsym5fvrkd.rx.internal.cloudapp.net""}],""asset"":true,""rbacScopes"":{""scopesPerType"":{""Workloads"":{""mode"":""All"",""scopes"":[""Mdc""]}}},""type"":""host""},{""$id"":""49"",""name"":""root"",""ntDomain"":""LinuxMDC"",""host"":{""$ref"":""48""},""isDomainJoined"":false,""entityIds"":[{""type"":""ActiveDirectorySAMAccountName"",""id"":""domain=linuxmdc;samaccountname=root""}],""asset"":true,""rbacScopes"":{""scopesPerType"":{""Workloads"":{""mode"":""All"",""scopes"":[""Mdc""]}}},""type"":""account""},{""$id"":""50"",""resourceId"":""/subscriptions/81f5a034-aefd-420d-bba8-59127cfb1924/resourcegroups/mdc-group/providers/microsoft.compute/virtualmachines/linuxmdc"",""resourceType"":""Virtual Machine"",""resourceName"":""linuxmdc"",""metadata"":{""IsGraphCenter"":true},""entityIds"":[{""type"":""AzureResourceId"",""id"":""/subscriptions/81f5a034-aefd-420d-bba8-59127cfb1924/resourcegroups/mdc-group/providers/microsoft.compute/virtualmachines/linuxmdc""}],""asset"":true,""rbacScopes"":{""scopesPerType"":{""Workloads"":{""mode"":""All"",""scopes"":[""Mdc""]}}},""type"":""azure-resource""}]",""
"2026-05-28T09:34:42Z","81f5a034-aefd-420d-bba8-59127cfb1924","Azure for Students","mdc-group","virtual machine","linuxmdc","/subscriptions/81f5a034-aefd-420d-bba8-59127cfb1924/resourcegroups/mdc-group/providers/microsoft.compute/virtualmachines/linuxmdc","e19cdb4d-dd74-b376-59cf-a4f8791ca2a0","VM.MDATP_32bb6594-fac7-49f8-9c6f-aa633b1c7326","centralus","Alert","2026-05-28T08:58:21Z","2026-05-28T08:59:29Z","Unusual number of failed sign-in attempts","Medium","A relatively high number of failed sign-in attempts were observed during a short period. This activity can indicate an attempt to brute-force credentials.

For more information, read the IoT devices and Linux-based systems targeted by OpenSSH trojan campaign Threat Analytics report: https://security.microsoft.com/threatanalytics3/59e6e47e-9992-4d3c-b46e-d5cd825d89c6/analystreport?

Brute force attempt for user 'Account: LinuxMDC\user  - 4294967295'","[""1. Make sure the machine is completely updated and all your software has the latest patch."",""2. Contact your incident response team."",""3. Install and run Microsoft’s Malicious Software Removal Tool (see https://www.microsoft.com/en-us/download/malicious-software-removal-tool-details.aspx)."",""4. Run Microsoft’s Autoruns utility and try to identify unknown applications that are configured to run at login (see https://technet.microsoft.com/en-us/sysinternals/bb963902.aspx)."",""5. Run Process Explorer and try to identify unknown running processes (see https://technet.microsoft.com/en-us/sysinternals/bb896653.aspx).""]","Microsoft","https://portal.azure.com/#blade/Microsoft_Azure_Security_AzureDefenderForData/AlertBlade/location/centralus/subscriptionId/81f5a034-aefd-420d-bba8-59127cfb1924/resourceGroup/mdc-group/alertId/e19cdb4d-dd74-b376-59cf-a4f8791ca2a0/referencedFrom/csvReport","[{""$id"":""54"",""dnsDomain"":""zvlbbg4xmgkurdbjlsym5fvrkd.rx.internal.cloudapp.net"",""hostName"":""linuxmdc"",""entityIds"":[{""type"":""DomainName"",""id"":""linuxmdc.zvlbbg4xmgkurdbjlsym5fvrkd.rx.internal.cloudapp.net""}],""asset"":true,""rbacScopes"":{""scopesPerType"":{""Workloads"":{""mode"":""All"",""scopes"":[""Mdc""]}}},""type"":""host""},{""$id"":""55"",""name"":""root"",""ntDomain"":""LinuxMDC"",""host"":{""$ref"":""54""},""isDomainJoined"":false,""entityIds"":[{""type"":""ActiveDirectorySAMAccountName"",""id"":""domain=linuxmdc;samaccountname=root""}],""asset"":true,""rbacScopes"":{""scopesPerType"":{""Workloads"":{""mode"":""All"",""scopes"":[""Mdc""]}}},""type"":""account""},{""$id"":""56"",""resourceId"":""/subscriptions/81f5a034-aefd-420d-bba8-59127cfb1924/resourcegroups/mdc-group/providers/microsoft.compute/virtualmachines/linuxmdc"",""resourceType"":""Virtual Machine"",""resourceName"":""linuxmdc"",""metadata"":{""IsGraphCenter"":true},""entityIds"":[{""type"":""AzureResourceId"",""id"":""/subscriptions/81f5a034-aefd-420d-bba8-59127cfb1924/resourcegroups/mdc-group/providers/microsoft.compute/virtualmachines/linuxmdc""}],""asset"":true,""rbacScopes"":{""scopesPerType"":{""Workloads"":{""mode"":""All"",""scopes"":[""Mdc""]}}},""type"":""azure-resource""}]",""
"2026-05-28T09:34:42Z","81f5a034-aefd-420d-bba8-59127cfb1924","Azure for Students","mdc-group","virtual machine","linuxmdc","/subscriptions/81f5a034-aefd-420d-bba8-59127cfb1924/resourcegroups/mdc-group/providers/microsoft.compute/virtualmachines/linuxmdc","3b3566b2-9337-b4bf-1c79-df7d9c9e25bc","VM.MDATP_32bb6594-fac7-49f8-9c6f-aa633b1c7326","centralus","Alert","2026-05-28T08:58:18Z","2026-05-28T08:59:05Z","Unusual number of failed sign-in attempts","Medium","A relatively high number of failed sign-in attempts were observed during a short period. This activity can indicate an attempt to brute-force credentials.

For more information, read the IoT devices and Linux-based systems targeted by OpenSSH trojan campaign Threat Analytics report: https://security.microsoft.com/threatanalytics3/59e6e47e-9992-4d3c-b46e-d5cd825d89c6/analystreport?

Brute force attempt for user 'Account: LinuxMDC\user  - 4294967295'","[""1. Make sure the machine is completely updated and all your software has the latest patch."",""2. Contact your incident response team."",""3. Install and run Microsoft’s Malicious Software Removal Tool (see https://www.microsoft.com/en-us/download/malicious-software-removal-tool-details.aspx)."",""4. Run Microsoft’s Autoruns utility and try to identify unknown applications that are configured to run at login (see https://technet.microsoft.com/en-us/sysinternals/bb963902.aspx)."",""5. Run Process Explorer and try to identify unknown running processes (see https://technet.microsoft.com/en-us/sysinternals/bb896653.aspx).""]","Microsoft","https://portal.azure.com/#blade/Microsoft_Azure_Security_AzureDefenderForData/AlertBlade/location/centralus/subscriptionId/81f5a034-aefd-420d-bba8-59127cfb1924/resourceGroup/mdc-group/alertId/3b3566b2-9337-b4bf-1c79-df7d9c9e25bc/referencedFrom/csvReport","[{""$id"":""60"",""directory"":""/usr/sbin/"",""name"":""sshd"",""fileHashes"":[{""$id"":""61"",""algorithm"":""SHA1"",""value"":""4206d6ecbcf171150d3f0c1ad77f138bbc68ae34"",""friendlyName"":""SHA1/4206d6ecbcf171150d3f0c1ad77f138bbc68ae34"",""asset"":false,""rbacScopes"":{""scopesPerType"":{""Workloads"":{""mode"":""All"",""scopes"":[""Mdc""]}}},""type"":""filehash""},{""$id"":""62"",""algorithm"":""MD5"",""value"":""8fa8a96f6b61635e06a6322fefb08d3f"",""friendlyName"":""MD5/8fa8a96f6b61635e06a6322fefb08d3f"",""asset"":false,""rbacScopes"":{""scopesPerType"":{""Workloads"":{""mode"":""All"",""scopes"":[""Mdc""]}}},""type"":""filehash""},{""$id"":""63"",""algorithm"":""SHA256"",""value"":""660dc5637b0530b9af0e009a0e26aa93030b22981a659a4504762032b4f4b4f6"",""friendlyName"":""SHA256/660dc5637b0530b9af0e009a0e26aa93030b22981a659a4504762032b4f4b4f6"",""asset"":false,""rbacScopes"":{""scopesPerType"":{""Workloads"":{""mode"":""All"",""scopes"":[""Mdc""]}}},""type"":""filehash""}],""asset"":false,""rbacScopes"":{""scopesPerType"":{""Workloads"":{""mode"":""All"",""scopes"":[""Mdc""]}}},""type"":""file""},{""$ref"":""61""},{""$ref"":""62""},{""$ref"":""63""},{""$id"":""64"",""dnsDomain"":""zvlbbg4xmgkurdbjlsym5fvrkd.rx.internal.cloudapp.net"",""hostName"":""linuxmdc"",""entityIds"":[{""type"":""DomainName"",""id"":""linuxmdc.zvlbbg4xmgkurdbjlsym5fvrkd.rx.internal.cloudapp.net""}],""asset"":true,""rbacScopes"":{""scopesPerType"":{""Workloads"":{""mode"":""All"",""scopes"":[""Mdc""]}}},""type"":""host""},{""$id"":""65"",""name"":""root"",""ntDomain"":""LinuxMDC"",""host"":{""$ref"":""64""},""isDomainJoined"":false,""entityIds"":[{""type"":""ActiveDirectorySAMAccountName"",""id"":""domain=linuxmdc;samaccountname=root""}],""asset"":true,""rbacScopes"":{""scopesPerType"":{""Workloads"":{""mode"":""All"",""scopes"":[""Mdc""]}}},""type"":""account""},{""$id"":""66"",""resourceId"":""/subscriptions/81f5a034-aefd-420d-bba8-59127cfb1924/resourcegroups/mdc-group/providers/microsoft.compute/virtualmachines/linuxmdc"",""resourceType"":""Virtual Machine"",""resourceName"":""linuxmdc"",""metadata"":{""IsGraphCenter"":true},""entityIds"":[{""type"":""AzureResourceId"",""id"":""/subscriptions/81f5a034-aefd-420d-bba8-59127cfb1924/resourcegroups/mdc-group/providers/microsoft.compute/virtualmachines/linuxmdc""}],""asset"":true,""rbacScopes"":{""scopesPerType"":{""Workloads"":{""mode"":""All"",""scopes"":[""Mdc""]}}},""type"":""azure-resource""}]",""
"2026-05-28T09:34:42Z","81f5a034-aefd-420d-bba8-59127cfb1924","Azure for Students","mdc-group","virtual machine","linuxmdc","/subscriptions/81f5a034-aefd-420d-bba8-59127cfb1924/resourcegroups/mdc-group/providers/microsoft.compute/virtualmachines/linuxmdc","3798c83b-949b-7420-ede3-bf7f6a1f72d9","VM.MDATP_32bb6594-fac7-49f8-9c6f-aa633b1c7326","centralus","Alert","2026-05-28T08:58:16Z","2026-05-28T08:59:08Z","Unusual number of failed sign-in attempts","Medium","A relatively high number of failed sign-in attempts were observed during a short period. This activity can indicate an attempt to brute-force credentials.

For more information, read the IoT devices and Linux-based systems targeted by OpenSSH trojan campaign Threat Analytics report: https://security.microsoft.com/threatanalytics3/59e6e47e-9992-4d3c-b46e-d5cd825d89c6/analystreport?

Brute force attempt for user 'Account: LinuxMDC\user  - 4294967295'","[""1. Make sure the machine is completely updated and all your software has the latest patch."",""2. Contact your incident response team."",""3. Install and run Microsoft’s Malicious Software Removal Tool (see https://www.microsoft.com/en-us/download/malicious-software-removal-tool-details.aspx)."",""4. Run Microsoft’s Autoruns utility and try to identify unknown applications that are configured to run at login (see https://technet.microsoft.com/en-us/sysinternals/bb963902.aspx)."",""5. Run Process Explorer and try to identify unknown running processes (see https://technet.microsoft.com/en-us/sysinternals/bb896653.aspx).""]","Microsoft","https://portal.azure.com/#blade/Microsoft_Azure_Security_AzureDefenderForData/AlertBlade/location/centralus/subscriptionId/81f5a034-aefd-420d-bba8-59127cfb1924/resourceGroup/mdc-group/alertId/3798c83b-949b-7420-ede3-bf7f6a1f72d9/referencedFrom/csvReport","[{""$id"":""70"",""dnsDomain"":""zvlbbg4xmgkurdbjlsym5fvrkd.rx.internal.cloudapp.net"",""hostName"":""linuxmdc"",""entityIds"":[{""type"":""DomainName"",""id"":""linuxmdc.zvlbbg4xmgkurdbjlsym5fvrkd.rx.internal.cloudapp.net""}],""asset"":true,""rbacScopes"":{""scopesPerType"":{""Workloads"":{""mode"":""All"",""scopes"":[""Mdc""]}}},""type"":""host""},{""$id"":""71"",""name"":""root"",""ntDomain"":""LinuxMDC"",""host"":{""$ref"":""70""},""isDomainJoined"":false,""entityIds"":[{""type"":""ActiveDirectorySAMAccountName"",""id"":""domain=linuxmdc;samaccountname=root""}],""asset"":true,""rbacScopes"":{""scopesPerType"":{""Workloads"":{""mode"":""All"",""scopes"":[""Mdc""]}}},""type"":""account""},{""$id"":""72"",""resourceId"":""/subscriptions/81f5a034-aefd-420d-bba8-59127cfb1924/resourcegroups/mdc-group/providers/microsoft.compute/virtualmachines/linuxmdc"",""resourceType"":""Virtual Machine"",""resourceName"":""linuxmdc"",""metadata"":{""IsGraphCenter"":true},""entityIds"":[{""type"":""AzureResourceId"",""id"":""/subscriptions/81f5a034-aefd-420d-bba8-59127cfb1924/resourcegroups/mdc-group/providers/microsoft.compute/virtualmachines/linuxmdc""}],""asset"":true,""rbacScopes"":{""scopesPerType"":{""Workloads"":{""mode"":""All"",""scopes"":[""Mdc""]}}},""type"":""azure-resource""}]",""
"2026-05-28T09:34:42Z","81f5a034-aefd-420d-bba8-59127cfb1924","Azure for Students","mdc-group","virtual machine","linuxmdc","/subscriptions/81f5a034-aefd-420d-bba8-59127cfb1924/resourcegroups/mdc-group/providers/microsoft.compute/virtualmachines/linuxmdc","8b23a3da-643a-84b0-6d36-d0345c7bac2b","VM.MDATP_32bb6594-fac7-49f8-9c6f-aa633b1c7326","centralus","Alert","2026-05-28T08:58:14Z","2026-05-28T08:59:08Z","Unusual number of failed sign-in attempts","Medium","A relatively high number of failed sign-in attempts were observed during a short period. This activity can indicate an attempt to brute-force credentials.

For more information, read the IoT devices and Linux-based systems targeted by OpenSSH trojan campaign Threat Analytics report: https://security.microsoft.com/threatanalytics3/59e6e47e-9992-4d3c-b46e-d5cd825d89c6/analystreport?

Brute force attempt for user 'Account: LinuxMDC\user  - 4294967295'","[""1. Make sure the machine is completely updated and all your software has the latest patch."",""2. Contact your incident response team."",""3. Install and run Microsoft’s Malicious Software Removal Tool (see https://www.microsoft.com/en-us/download/malicious-software-removal-tool-details.aspx)."",""4. Run Microsoft’s Autoruns utility and try to identify unknown applications that are configured to run at login (see https://technet.microsoft.com/en-us/sysinternals/bb963902.aspx)."",""5. Run Process Explorer and try to identify unknown running processes (see https://technet.microsoft.com/en-us/sysinternals/bb896653.aspx).""]","Microsoft","https://portal.azure.com/#blade/Microsoft_Azure_Security_AzureDefenderForData/AlertBlade/location/centralus/subscriptionId/81f5a034-aefd-420d-bba8-59127cfb1924/resourceGroup/mdc-group/alertId/8b23a3da-643a-84b0-6d36-d0345c7bac2b/referencedFrom/csvReport","[{""$id"":""76"",""dnsDomain"":""zvlbbg4xmgkurdbjlsym5fvrkd.rx.internal.cloudapp.net"",""hostName"":""linuxmdc"",""entityIds"":[{""type"":""DomainName"",""id"":""linuxmdc.zvlbbg4xmgkurdbjlsym5fvrkd.rx.internal.cloudapp.net""}],""asset"":true,""rbacScopes"":{""scopesPerType"":{""Workloads"":{""mode"":""All"",""scopes"":[""Mdc""]}}},""type"":""host""},{""$id"":""77"",""name"":""root"",""ntDomain"":""LinuxMDC"",""host"":{""$ref"":""76""},""isDomainJoined"":false,""entityIds"":[{""type"":""ActiveDirectorySAMAccountName"",""id"":""domain=linuxmdc;samaccountname=root""}],""asset"":true,""rbacScopes"":{""scopesPerType"":{""Workloads"":{""mode"":""All"",""scopes"":[""Mdc""]}}},""type"":""account""},{""$id"":""78"",""resourceId"":""/subscriptions/81f5a034-aefd-420d-bba8-59127cfb1924/resourcegroups/mdc-group/providers/microsoft.compute/virtualmachines/linuxmdc"",""resourceType"":""Virtual Machine"",""resourceName"":""linuxmdc"",""metadata"":{""IsGraphCenter"":true},""entityIds"":[{""type"":""AzureResourceId"",""id"":""/subscriptions/81f5a034-aefd-420d-bba8-59127cfb1924/resourcegroups/mdc-group/providers/microsoft.compute/virtualmachines/linuxmdc""}],""asset"":true,""rbacScopes"":{""scopesPerType"":{""Workloads"":{""mode"":""All"",""scopes"":[""Mdc""]}}},""type"":""azure-resource""}]",""
"2026-05-28T09:34:42Z","81f5a034-aefd-420d-bba8-59127cfb1924","Azure for Students","mdc-group","virtual machine","linuxmdc","/subscriptions/81f5a034-aefd-420d-bba8-59127cfb1924/resourcegroups/mdc-group/providers/microsoft.compute/virtualmachines/linuxmdc","6a451c1e-0b49-6fe4-9e97-494e83148e61","VM.MDATP_32bb6594-fac7-49f8-9c6f-aa633b1c7326","centralus","Alert","2026-05-28T08:58:10Z","2026-05-28T08:59:05Z","Unusual number of failed sign-in attempts","Medium","A relatively high number of failed sign-in attempts were observed during a short period. This activity can indicate an attempt to brute-force credentials.

For more information, read the IoT devices and Linux-based systems targeted by OpenSSH trojan campaign Threat Analytics report: https://security.microsoft.com/threatanalytics3/59e6e47e-9992-4d3c-b46e-d5cd825d89c6/analystreport?

Brute force attempt for user 'Account: LinuxMDC\user  - 4294967295'","[""1. Make sure the machine is completely updated and all your software has the latest patch."",""2. Contact your incident response team."",""3. Install and run Microsoft’s Malicious Software Removal Tool (see https://www.microsoft.com/en-us/download/malicious-software-removal-tool-details.aspx)."",""4. Run Microsoft’s Autoruns utility and try to identify unknown applications that are configured to run at login (see https://technet.microsoft.com/en-us/sysinternals/bb963902.aspx)."",""5. Run Process Explorer and try to identify unknown running processes (see https://technet.microsoft.com/en-us/sysinternals/bb896653.aspx).""]","Microsoft","https://portal.azure.com/#blade/Microsoft_Azure_Security_AzureDefenderForData/AlertBlade/location/centralus/subscriptionId/81f5a034-aefd-420d-bba8-59127cfb1924/resourceGroup/mdc-group/alertId/6a451c1e-0b49-6fe4-9e97-494e83148e61/referencedFrom/csvReport","[{""$id"":""82"",""address"":""222.102.21.104"",""location"":{""countryCode"":""KR"",""countryName"":""Korea (South)"",""state"":""Jeollanam-Do"",""city"":""Muan-Eup"",""longitude"":126.4763,""latitude"":34.9905,""asn"":4766,""carrier"":""Korea Telecom"",""organization"":""Korea Telecom""},""entityIds"":[{""type"":""IPv4Address"",""id"":""222.102.21.104""}],""asset"":false,""rbacScopes"":{""scopesPerType"":{""Workloads"":{""mode"":""All"",""scopes"":[""Mdc""]}}},""type"":""ip""},{""$id"":""83"",""dnsDomain"":""zvlbbg4xmgkurdbjlsym5fvrkd.rx.internal.cloudapp.net"",""hostName"":""linuxmdc"",""entityIds"":[{""type"":""DomainName"",""id"":""linuxmdc.zvlbbg4xmgkurdbjlsym5fvrkd.rx.internal.cloudapp.net""}],""asset"":true,""rbacScopes"":{""scopesPerType"":{""Workloads"":{""mode"":""All"",""scopes"":[""Mdc""]}}},""type"":""host""},{""$id"":""84"",""name"":""root"",""ntDomain"":""LinuxMDC"",""host"":{""$ref"":""83""},""isDomainJoined"":false,""entityIds"":[{""type"":""ActiveDirectorySAMAccountName"",""id"":""domain=linuxmdc;samaccountname=root""}],""asset"":true,""rbacScopes"":{""scopesPerType"":{""Workloads"":{""mode"":""All"",""scopes"":[""Mdc""]}}},""type"":""account""},{""$id"":""85"",""resourceId"":""/subscriptions/81f5a034-aefd-420d-bba8-59127cfb1924/resourcegroups/mdc-group/providers/microsoft.compute/virtualmachines/linuxmdc"",""resourceType"":""Virtual Machine"",""resourceName"":""linuxmdc"",""metadata"":{""IsGraphCenter"":true},""entityIds"":[{""type"":""AzureResourceId"",""id"":""/subscriptions/81f5a034-aefd-420d-bba8-59127cfb1924/resourcegroups/mdc-group/providers/microsoft.compute/virtualmachines/linuxmdc""}],""asset"":true,""rbacScopes"":{""scopesPerType"":{""Workloads"":{""mode"":""All"",""scopes"":[""Mdc""]}}},""type"":""azure-resource""}]",""
"2026-05-28T09:34:42Z","81f5a034-aefd-420d-bba8-59127cfb1924","Azure for Students","mdc-group","virtual machine","linuxmdc","/subscriptions/81f5a034-aefd-420d-bba8-59127cfb1924/resourcegroups/mdc-group/providers/microsoft.compute/virtualmachines/linuxmdc","63b9c34c-19c7-7fa4-8d96-7b94810958da","VM.MDATP_32bb6594-fac7-49f8-9c6f-aa633b1c7326","centralus","Alert","2026-05-28T08:55:25Z","2026-05-28T09:25:44Z","Unusual number of failed sign-in attempts","Medium","A relatively high number of failed sign-in attempts were observed during a short period. This activity can indicate an attempt to brute-force credentials.

For more information, read the IoT devices and Linux-based systems targeted by OpenSSH trojan campaign Threat Analytics report: https://security.microsoft.com/threatanalytics3/59e6e47e-9992-4d3c-b46e-d5cd825d89c6/analystreport?

Brute force attempt for user 'Account: LinuxMDC\user  - 4294967295'","[""1. Make sure the machine is completely updated and all your software has the latest patch."",""2. Contact your incident response team."",""3. Install and run Microsoft’s Malicious Software Removal Tool (see https://www.microsoft.com/en-us/download/malicious-software-removal-tool-details.aspx)."",""4. Run Microsoft’s Autoruns utility and try to identify unknown applications that are configured to run at login (see https://technet.microsoft.com/en-us/sysinternals/bb963902.aspx)."",""5. Run Process Explorer and try to identify unknown running processes (see https://technet.microsoft.com/en-us/sysinternals/bb896653.aspx).""]","Microsoft","https://portal.azure.com/#blade/Microsoft_Azure_Security_AzureDefenderForData/AlertBlade/location/centralus/subscriptionId/81f5a034-aefd-420d-bba8-59127cfb1924/resourceGroup/mdc-group/alertId/63b9c34c-19c7-7fa4-8d96-7b94810958da/referencedFrom/csvReport","[{""$id"":""89"",""address"":""222.102.21.104"",""location"":{""countryCode"":""KR"",""countryName"":""Korea (South)"",""state"":""Jeollanam-Do"",""city"":""Muan-Eup"",""longitude"":126.4763,""latitude"":34.9905,""asn"":4766,""carrier"":""Korea Telecom"",""organization"":""Korea Telecom""},""entityIds"":[{""type"":""IPv4Address"",""id"":""222.102.21.104""}],""asset"":false,""rbacScopes"":{""scopesPerType"":{""Workloads"":{""mode"":""All"",""scopes"":[""Mdc""]}}},""type"":""ip""},{""$id"":""90"",""dnsDomain"":""zvlbbg4xmgkurdbjlsym5fvrkd.rx.internal.cloudapp.net"",""hostName"":""linuxmdc"",""entityIds"":[{""type"":""DomainName"",""id"":""linuxmdc.zvlbbg4xmgkurdbjlsym5fvrkd.rx.internal.cloudapp.net""}],""asset"":true,""rbacScopes"":{""scopesPerType"":{""Workloads"":{""mode"":""All"",""scopes"":[""Mdc""]}}},""type"":""host""},{""$id"":""91"",""name"":""root"",""ntDomain"":""LinuxMDC"",""host"":{""$ref"":""90""},""isDomainJoined"":false,""entityIds"":[{""type"":""ActiveDirectorySAMAccountName"",""id"":""domain=linuxmdc;samaccountname=root""}],""asset"":true,""rbacScopes"":{""scopesPerType"":{""Workloads"":{""mode"":""All"",""scopes"":[""Mdc""]}}},""type"":""account""},{""$id"":""92"",""resourceId"":""/subscriptions/81f5a034-aefd-420d-bba8-59127cfb1924/resourcegroups/mdc-group/providers/microsoft.compute/virtualmachines/linuxmdc"",""resourceType"":""Virtual Machine"",""resourceName"":""linuxmdc"",""metadata"":{""IsGraphCenter"":true},""entityIds"":[{""type"":""AzureResourceId"",""id"":""/subscriptions/81f5a034-aefd-420d-bba8-59127cfb1924/resourcegroups/mdc-group/providers/microsoft.compute/virtualmachines/linuxmdc""}],""asset"":true,""rbacScopes"":{""scopesPerType"":{""Workloads"":{""mode"":""All"",""scopes"":[""Mdc""]}}},""type"":""azure-resource""}]",""
"2026-05-28T09:34:42Z","81f5a034-aefd-420d-bba8-59127cfb1924","Azure for Students","mdc-group","virtual machine","linuxmdc","/subscriptions/81f5a034-aefd-420d-bba8-59127cfb1924/resourcegroups/mdc-group/providers/microsoft.compute/virtualmachines/linuxmdc","15e06dca-eef1-9ffd-80c3-79ca8258117a","VM.MDATP_32bb6594-fac7-49f8-9c6f-aa633b1c7326","centralus","Alert","2026-05-28T08:55:24Z","2026-05-28T09:25:44Z","Unusual number of failed sign-in attempts","Medium","A relatively high number of failed sign-in attempts were observed during a short period. This activity can indicate an attempt to brute-force credentials.

For more information, read the IoT devices and Linux-based systems targeted by OpenSSH trojan campaign Threat Analytics report: https://security.microsoft.com/threatanalytics3/59e6e47e-9992-4d3c-b46e-d5cd825d89c6/analystreport?

Brute force attempt for user 'Account: LinuxMDC\user  - 4294967295'","[""1. Make sure the machine is completely updated and all your software has the latest patch."",""2. Contact your incident response team."",""3. Install and run Microsoft’s Malicious Software Removal Tool (see https://www.microsoft.com/en-us/download/malicious-software-removal-tool-details.aspx)."",""4. Run Microsoft’s Autoruns utility and try to identify unknown applications that are configured to run at login (see https://technet.microsoft.com/en-us/sysinternals/bb963902.aspx)."",""5. Run Process Explorer and try to identify unknown running processes (see https://technet.microsoft.com/en-us/sysinternals/bb896653.aspx).""]","Microsoft","https://portal.azure.com/#blade/Microsoft_Azure_Security_AzureDefenderForData/AlertBlade/location/centralus/subscriptionId/81f5a034-aefd-420d-bba8-59127cfb1924/resourceGroup/mdc-group/alertId/15e06dca-eef1-9ffd-80c3-79ca8258117a/referencedFrom/csvReport","[{""$id"":""96"",""dnsDomain"":""zvlbbg4xmgkurdbjlsym5fvrkd.rx.internal.cloudapp.net"",""hostName"":""linuxmdc"",""entityIds"":[{""type"":""DomainName"",""id"":""linuxmdc.zvlbbg4xmgkurdbjlsym5fvrkd.rx.internal.cloudapp.net""}],""asset"":true,""rbacScopes"":{""scopesPerType"":{""Workloads"":{""mode"":""All"",""scopes"":[""Mdc""]}}},""type"":""host""},{""$id"":""97"",""name"":""root"",""ntDomain"":""LinuxMDC"",""host"":{""$ref"":""96""},""isDomainJoined"":false,""entityIds"":[{""type"":""ActiveDirectorySAMAccountName"",""id"":""domain=linuxmdc;samaccountname=root""}],""asset"":true,""rbacScopes"":{""scopesPerType"":{""Workloads"":{""mode"":""All"",""scopes"":[""Mdc""]}}},""type"":""account""},{""$id"":""98"",""resourceId"":""/subscriptions/81f5a034-aefd-420d-bba8-59127cfb1924/resourcegroups/mdc-group/providers/microsoft.compute/virtualmachines/linuxmdc"",""resourceType"":""Virtual Machine"",""resourceName"":""linuxmdc"",""metadata"":{""IsGraphCenter"":true},""entityIds"":[{""type"":""AzureResourceId"",""id"":""/subscriptions/81f5a034-aefd-420d-bba8-59127cfb1924/resourcegroups/mdc-group/providers/microsoft.compute/virtualmachines/linuxmdc""}],""asset"":true,""rbacScopes"":{""scopesPerType"":{""Workloads"":{""mode"":""All"",""scopes"":[""Mdc""]}}},""type"":""azure-resource""}]",""
"2026-05-28T09:34:42Z","81f5a034-aefd-420d-bba8-59127cfb1924","Azure for Students","mdc-group","virtual machine","linuxmdc","/subscriptions/81f5a034-aefd-420d-bba8-59127cfb1924/resourcegroups/mdc-group/providers/microsoft.compute/virtualmachines/linuxmdc","f869b3d6-dab6-fe8f-9484-ac4f5ea68c63","VM.MDATP_32bb6594-fac7-49f8-9c6f-aa633b1c7326","centralus","Alert","2026-05-28T08:55:05Z","2026-05-28T09:25:44Z","Unusual number of failed sign-in attempts","Medium","A relatively high number of failed sign-in attempts were observed during a short period. This activity can indicate an attempt to brute-force credentials.

For more information, read the IoT devices and Linux-based systems targeted by OpenSSH trojan campaign Threat Analytics report: https://security.microsoft.com/threatanalytics3/59e6e47e-9992-4d3c-b46e-d5cd825d89c6/analystreport?

Brute force attempt for user 'Account: LinuxMDC\user  - 4294967295'","[""1. Make sure the machine is completely updated and all your software has the latest patch."",""2. Contact your incident response team."",""3. Install and run Microsoft’s Malicious Software Removal Tool (see https://www.microsoft.com/en-us/download/malicious-software-removal-tool-details.aspx)."",""4. Run Microsoft’s Autoruns utility and try to identify unknown applications that are configured to run at login (see https://technet.microsoft.com/en-us/sysinternals/bb963902.aspx)."",""5. Run Process Explorer and try to identify unknown running processes (see https://technet.microsoft.com/en-us/sysinternals/bb896653.aspx).""]","Microsoft","https://portal.azure.com/#blade/Microsoft_Azure_Security_AzureDefenderForData/AlertBlade/location/centralus/subscriptionId/81f5a034-aefd-420d-bba8-59127cfb1924/resourceGroup/mdc-group/alertId/f869b3d6-dab6-fe8f-9484-ac4f5ea68c63/referencedFrom/csvReport","[{""$id"":""102"",""dnsDomain"":""zvlbbg4xmgkurdbjlsym5fvrkd.rx.internal.cloudapp.net"",""hostName"":""linuxmdc"",""entityIds"":[{""type"":""DomainName"",""id"":""linuxmdc.zvlbbg4xmgkurdbjlsym5fvrkd.rx.internal.cloudapp.net""}],""asset"":true,""rbacScopes"":{""scopesPerType"":{""Workloads"":{""mode"":""All"",""scopes"":[""Mdc""]}}},""type"":""host""},{""$id"":""103"",""name"":""root"",""ntDomain"":""LinuxMDC"",""host"":{""$ref"":""102""},""isDomainJoined"":false,""entityIds"":[{""type"":""ActiveDirectorySAMAccountName"",""id"":""domain=linuxmdc;samaccountname=root""}],""asset"":true,""rbacScopes"":{""scopesPerType"":{""Workloads"":{""mode"":""All"",""scopes"":[""Mdc""]}}},""type"":""account""},{""$id"":""104"",""resourceId"":""/subscriptions/81f5a034-aefd-420d-bba8-59127cfb1924/resourcegroups/mdc-group/providers/microsoft.compute/virtualmachines/linuxmdc"",""resourceType"":""Virtual Machine"",""resourceName"":""linuxmdc"",""metadata"":{""IsGraphCenter"":true},""entityIds"":[{""type"":""AzureResourceId"",""id"":""/subscriptions/81f5a034-aefd-420d-bba8-59127cfb1924/resourcegroups/mdc-group/providers/microsoft.compute/virtualmachines/linuxmdc""}],""asset"":true,""rbacScopes"":{""scopesPerType"":{""Workloads"":{""mode"":""All"",""scopes"":[""Mdc""]}}},""type"":""azure-resource""}]",""
"2026-05-28T09:34:42Z","81f5a034-aefd-420d-bba8-59127cfb1924","Azure for Students","mdc-group","virtual machine","linuxmdc","/subscriptions/81f5a034-aefd-420d-bba8-59127cfb1924/resourcegroups/mdc-group/providers/microsoft.compute/virtualmachines/linuxmdc","daf36259-4c8a-be4d-e83c-cd6e901bbc86","VM.MDATP_32bb6594-fac7-49f8-9c6f-aa633b1c7326","centralus","Alert","2026-05-28T08:55:03Z","2026-05-28T09:25:44Z","Unusual number of failed sign-in attempts","Medium","A relatively high number of failed sign-in attempts were observed during a short period. This activity can indicate an attempt to brute-force credentials.

For more information, read the IoT devices and Linux-based systems targeted by OpenSSH trojan campaign Threat Analytics report: https://security.microsoft.com/threatanalytics3/59e6e47e-9992-4d3c-b46e-d5cd825d89c6/analystreport?

Brute force attempt for user 'Account: LinuxMDC\user  - 4294967295'","[""1. Make sure the machine is completely updated and all your software has the latest patch."",""2. Contact your incident response team."",""3. Install and run Microsoft’s Malicious Software Removal Tool (see https://www.microsoft.com/en-us/download/malicious-software-removal-tool-details.aspx)."",""4. Run Microsoft’s Autoruns utility and try to identify unknown applications that are configured to run at login (see https://technet.microsoft.com/en-us/sysinternals/bb963902.aspx)."",""5. Run Process Explorer and try to identify unknown running processes (see https://technet.microsoft.com/en-us/sysinternals/bb896653.aspx).""]","Microsoft","https://portal.azure.com/#blade/Microsoft_Azure_Security_AzureDefenderForData/AlertBlade/location/centralus/subscriptionId/81f5a034-aefd-420d-bba8-59127cfb1924/resourceGroup/mdc-group/alertId/daf36259-4c8a-be4d-e83c-cd6e901bbc86/referencedFrom/csvReport","[{""$id"":""108"",""directory"":""/usr/sbin/"",""name"":""sshd"",""fileHashes"":[{""$id"":""109"",""algorithm"":""SHA1"",""value"":""4206d6ecbcf171150d3f0c1ad77f138bbc68ae34"",""friendlyName"":""SHA1/4206d6ecbcf171150d3f0c1ad77f138bbc68ae34"",""asset"":false,""rbacScopes"":{""scopesPerType"":{""Workloads"":{""mode"":""All"",""scopes"":[""Mdc""]}}},""type"":""filehash""},{""$id"":""110"",""algorithm"":""MD5"",""value"":""8fa8a96f6b61635e06a6322fefb08d3f"",""friendlyName"":""MD5/8fa8a96f6b61635e06a6322fefb08d3f"",""asset"":false,""rbacScopes"":{""scopesPerType"":{""Workloads"":{""mode"":""All"",""scopes"":[""Mdc""]}}},""type"":""filehash""},{""$id"":""111"",""algorithm"":""SHA256"",""value"":""660dc5637b0530b9af0e009a0e26aa93030b22981a659a4504762032b4f4b4f6"",""friendlyName"":""SHA256/660dc5637b0530b9af0e009a0e26aa93030b22981a659a4504762032b4f4b4f6"",""asset"":false,""rbacScopes"":{""scopesPerType"":{""Workloads"":{""mode"":""All"",""scopes"":[""Mdc""]}}},""type"":""filehash""}],""asset"":false,""rbacScopes"":{""scopesPerType"":{""Workloads"":{""mode"":""All"",""scopes"":[""Mdc""]}}},""type"":""file""},{""$ref"":""109""},{""$ref"":""110""},{""$ref"":""111""},{""$id"":""112"",""dnsDomain"":""zvlbbg4xmgkurdbjlsym5fvrkd.rx.internal.cloudapp.net"",""hostName"":""linuxmdc"",""entityIds"":[{""type"":""DomainName"",""id"":""linuxmdc.zvlbbg4xmgkurdbjlsym5fvrkd.rx.internal.cloudapp.net""}],""asset"":true,""rbacScopes"":{""scopesPerType"":{""Workloads"":{""mode"":""All"",""scopes"":[""Mdc""]}}},""type"":""host""},{""$id"":""113"",""name"":""root"",""ntDomain"":""LinuxMDC"",""host"":{""$ref"":""112""},""isDomainJoined"":false,""entityIds"":[{""type"":""ActiveDirectorySAMAccountName"",""id"":""domain=linuxmdc;samaccountname=root""}],""asset"":true,""rbacScopes"":{""scopesPerType"":{""Workloads"":{""mode"":""All"",""scopes"":[""Mdc""]}}},""type"":""account""},{""$id"":""114"",""resourceId"":""/subscriptions/81f5a034-aefd-420d-bba8-59127cfb1924/resourcegroups/mdc-group/providers/microsoft.compute/virtualmachines/linuxmdc"",""resourceType"":""Virtual Machine"",""resourceName"":""linuxmdc"",""metadata"":{""IsGraphCenter"":true},""entityIds"":[{""type"":""AzureResourceId"",""id"":""/subscriptions/81f5a034-aefd-420d-bba8-59127cfb1924/resourcegroups/mdc-group/providers/microsoft.compute/virtualmachines/linuxmdc""}],""asset"":true,""rbacScopes"":{""scopesPerType"":{""Workloads"":{""mode"":""All"",""scopes"":[""Mdc""]}}},""type"":""azure-resource""}]",""
"2026-05-28T09:34:42Z","81f5a034-aefd-420d-bba8-59127cfb1924","Azure for Students","mdc-group","virtual machine","linuxmdc","/subscriptions/81f5a034-aefd-420d-bba8-59127cfb1924/resourcegroups/mdc-group/providers/microsoft.compute/virtualmachines/linuxmdc","0b6893ab-c1dc-dc53-a25d-e71d9410af83","VM.MDATP_32bb6594-fac7-49f8-9c6f-aa633b1c7326","centralus","Alert","2026-05-28T08:54:59Z","2026-05-28T09:25:44Z","Unusual number of failed sign-in attempts","Medium","A relatively high number of failed sign-in attempts were observed during a short period. This activity can indicate an attempt to brute-force credentials.

For more information, read the IoT devices and Linux-based systems targeted by OpenSSH trojan campaign Threat Analytics report: https://security.microsoft.com/threatanalytics3/59e6e47e-9992-4d3c-b46e-d5cd825d89c6/analystreport?

Brute force attempt for user 'Account: LinuxMDC\user  - 4294967295'","[""1. Make sure the machine is completely updated and all your software has the latest patch."",""2. Contact your incident response team."",""3. Install and run Microsoft’s Malicious Software Removal Tool (see https://www.microsoft.com/en-us/download/malicious-software-removal-tool-details.aspx)."",""4. Run Microsoft’s Autoruns utility and try to identify unknown applications that are configured to run at login (see https://technet.microsoft.com/en-us/sysinternals/bb963902.aspx)."",""5. Run Process Explorer and try to identify unknown running processes (see https://technet.microsoft.com/en-us/sysinternals/bb896653.aspx).""]","Microsoft","https://portal.azure.com/#blade/Microsoft_Azure_Security_AzureDefenderForData/AlertBlade/location/centralus/subscriptionId/81f5a034-aefd-420d-bba8-59127cfb1924/resourceGroup/mdc-group/alertId/0b6893ab-c1dc-dc53-a25d-e71d9410af83/referencedFrom/csvReport","[{""$id"":""118"",""dnsDomain"":""zvlbbg4xmgkurdbjlsym5fvrkd.rx.internal.cloudapp.net"",""hostName"":""linuxmdc"",""entityIds"":[{""type"":""DomainName"",""id"":""linuxmdc.zvlbbg4xmgkurdbjlsym5fvrkd.rx.internal.cloudapp.net""}],""asset"":true,""rbacScopes"":{""scopesPerType"":{""Workloads"":{""mode"":""All"",""scopes"":[""Mdc""]}}},""type"":""host""},{""$id"":""119"",""name"":""root"",""ntDomain"":""LinuxMDC"",""host"":{""$ref"":""118""},""isDomainJoined"":false,""entityIds"":[{""type"":""ActiveDirectorySAMAccountName"",""id"":""domain=linuxmdc;samaccountname=root""}],""asset"":true,""rbacScopes"":{""scopesPerType"":{""Workloads"":{""mode"":""All"",""scopes"":[""Mdc""]}}},""type"":""account""},{""$id"":""120"",""resourceId"":""/subscriptions/81f5a034-aefd-420d-bba8-59127cfb1924/resourcegroups/mdc-group/providers/microsoft.compute/virtualmachines/linuxmdc"",""resourceType"":""Virtual Machine"",""resourceName"":""linuxmdc"",""metadata"":{""IsGraphCenter"":true},""entityIds"":[{""type"":""AzureResourceId"",""id"":""/subscriptions/81f5a034-aefd-420d-bba8-59127cfb1924/resourcegroups/mdc-group/providers/microsoft.compute/virtualmachines/linuxmdc""}],""asset"":true,""rbacScopes"":{""scopesPerType"":{""Workloads"":{""mode"":""All"",""scopes"":[""Mdc""]}}},""type"":""azure-resource""}]",""
"2026-05-28T09:34:42Z","81f5a034-aefd-420d-bba8-59127cfb1924","Azure for Students","mdc-group","virtual machine","linuxmdc","/subscriptions/81f5a034-aefd-420d-bba8-59127cfb1924/resourcegroups/mdc-group/providers/microsoft.compute/virtualmachines/linuxmdc","9ba44f8c-8090-ccb7-a0ed-c22ad28fb0c4","VM.MDATP_32bb6594-fac7-49f8-9c6f-aa633b1c7326","centralus","Alert","2026-05-28T08:54:23Z","2026-05-28T08:59:08Z","Unusual number of failed sign-in attempts","Medium","A relatively high number of failed sign-in attempts were observed during a short period. This activity can indicate an attempt to brute-force credentials.

For more information, read the IoT devices and Linux-based systems targeted by OpenSSH trojan campaign Threat Analytics report: https://security.microsoft.com/threatanalytics3/59e6e47e-9992-4d3c-b46e-d5cd825d89c6/analystreport?

Brute force attempt for user 'Account: LinuxMDC\user  - 4294967295'","[""1. Make sure the machine is completely updated and all your software has the latest patch."",""2. Contact your incident response team."",""3. Install and run Microsoft’s Malicious Software Removal Tool (see https://www.microsoft.com/en-us/download/malicious-software-removal-tool-details.aspx)."",""4. Run Microsoft’s Autoruns utility and try to identify unknown applications that are configured to run at login (see https://technet.microsoft.com/en-us/sysinternals/bb963902.aspx)."",""5. Run Process Explorer and try to identify unknown running processes (see https://technet.microsoft.com/en-us/sysinternals/bb896653.aspx).""]","Microsoft","https://portal.azure.com/#blade/Microsoft_Azure_Security_AzureDefenderForData/AlertBlade/location/centralus/subscriptionId/81f5a034-aefd-420d-bba8-59127cfb1924/resourceGroup/mdc-group/alertId/9ba44f8c-8090-ccb7-a0ed-c22ad28fb0c4/referencedFrom/csvReport","[{""$id"":""124"",""dnsDomain"":""zvlbbg4xmgkurdbjlsym5fvrkd.rx.internal.cloudapp.net"",""hostName"":""linuxmdc"",""entityIds"":[{""type"":""DomainName"",""id"":""linuxmdc.zvlbbg4xmgkurdbjlsym5fvrkd.rx.internal.cloudapp.net""}],""asset"":true,""rbacScopes"":{""scopesPerType"":{""Workloads"":{""mode"":""All"",""scopes"":[""Mdc""]}}},""type"":""host""},{""$id"":""125"",""name"":""root"",""ntDomain"":""LinuxMDC"",""host"":{""$ref"":""124""},""isDomainJoined"":false,""entityIds"":[{""type"":""ActiveDirectorySAMAccountName"",""id"":""domain=linuxmdc;samaccountname=root""}],""asset"":true,""rbacScopes"":{""scopesPerType"":{""Workloads"":{""mode"":""All"",""scopes"":[""Mdc""]}}},""type"":""account""},{""$id"":""126"",""resourceId"":""/subscriptions/81f5a034-aefd-420d-bba8-59127cfb1924/resourcegroups/mdc-group/providers/microsoft.compute/virtualmachines/linuxmdc"",""resourceType"":""Virtual Machine"",""resourceName"":""linuxmdc"",""metadata"":{""IsGraphCenter"":true},""entityIds"":[{""type"":""AzureResourceId"",""id"":""/subscriptions/81f5a034-aefd-420d-bba8-59127cfb1924/resourcegroups/mdc-group/providers/microsoft.compute/virtualmachines/linuxmdc""}],""asset"":true,""rbacScopes"":{""scopesPerType"":{""Workloads"":{""mode"":""All"",""scopes"":[""Mdc""]}}},""type"":""azure-resource""}]",""
"2026-05-28T09:34:42Z","81f5a034-aefd-420d-bba8-59127cfb1924","Azure for Students","mdc-group","virtual machine","linuxmdc","/subscriptions/81f5a034-aefd-420d-bba8-59127cfb1924/resourcegroups/mdc-group/providers/microsoft.compute/virtualmachines/linuxmdc","d84922e7-d0bb-58a9-cd65-1c12773b60f9","VM.MDATP_32bb6594-fac7-49f8-9c6f-aa633b1c7326","centralus","Alert","2026-05-28T08:54:19Z","2026-05-28T08:59:08Z","Unusual number of failed sign-in attempts","Medium","A relatively high number of failed sign-in attempts were observed during a short period. This activity can indicate an attempt to brute-force credentials.

For more information, read the IoT devices and Linux-based systems targeted by OpenSSH trojan campaign Threat Analytics report: https://security.microsoft.com/threatanalytics3/59e6e47e-9992-4d3c-b46e-d5cd825d89c6/analystreport?

Brute force attempt for user 'Account: LinuxMDC\user  - 4294967295'","[""1. Make sure the machine is completely updated and all your software has the latest patch."",""2. Contact your incident response team."",""3. Install and run Microsoft’s Malicious Software Removal Tool (see https://www.microsoft.com/en-us/download/malicious-software-removal-tool-details.aspx)."",""4. Run Microsoft’s Autoruns utility and try to identify unknown applications that are configured to run at login (see https://technet.microsoft.com/en-us/sysinternals/bb963902.aspx)."",""5. Run Process Explorer and try to identify unknown running processes (see https://technet.microsoft.com/en-us/sysinternals/bb896653.aspx).""]","Microsoft","https://portal.azure.com/#blade/Microsoft_Azure_Security_AzureDefenderForData/AlertBlade/location/centralus/subscriptionId/81f5a034-aefd-420d-bba8-59127cfb1924/resourceGroup/mdc-group/alertId/d84922e7-d0bb-58a9-cd65-1c12773b60f9/referencedFrom/csvReport","[{""$id"":""130"",""dnsDomain"":""zvlbbg4xmgkurdbjlsym5fvrkd.rx.internal.cloudapp.net"",""hostName"":""linuxmdc"",""entityIds"":[{""type"":""DomainName"",""id"":""linuxmdc.zvlbbg4xmgkurdbjlsym5fvrkd.rx.internal.cloudapp.net""}],""asset"":true,""rbacScopes"":{""scopesPerType"":{""Workloads"":{""mode"":""All"",""scopes"":[""Mdc""]}}},""type"":""host""},{""$id"":""131"",""name"":""root"",""ntDomain"":""LinuxMDC"",""host"":{""$ref"":""130""},""isDomainJoined"":false,""entityIds"":[{""type"":""ActiveDirectorySAMAccountName"",""id"":""domain=linuxmdc;samaccountname=root""}],""asset"":true,""rbacScopes"":{""scopesPerType"":{""Workloads"":{""mode"":""All"",""scopes"":[""Mdc""]}}},""type"":""account""},{""$id"":""132"",""resourceId"":""/subscriptions/81f5a034-aefd-420d-bba8-59127cfb1924/resourcegroups/mdc-group/providers/microsoft.compute/virtualmachines/linuxmdc"",""resourceType"":""Virtual Machine"",""resourceName"":""linuxmdc"",""metadata"":{""IsGraphCenter"":true},""entityIds"":[{""type"":""AzureResourceId"",""id"":""/subscriptions/81f5a034-aefd-420d-bba8-59127cfb1924/resourcegroups/mdc-group/providers/microsoft.compute/virtualmachines/linuxmdc""}],""asset"":true,""rbacScopes"":{""scopesPerType"":{""Workloads"":{""mode"":""All"",""scopes"":[""Mdc""]}}},""type"":""azure-resource""}]",""
"2026-05-28T09:34:42Z","81f5a034-aefd-420d-bba8-59127cfb1924","Azure for Students","mdc-group","virtual machine","linuxmdc","/subscriptions/81f5a034-aefd-420d-bba8-59127cfb1924/resourcegroups/mdc-group/providers/microsoft.compute/virtualmachines/linuxmdc","1afcc199-431a-4ab6-d3d5-7aa01b84791f","VM.MDATP_32bb6594-fac7-49f8-9c6f-aa633b1c7326","centralus","Alert","2026-05-28T08:54:16Z","2026-05-28T08:59:05Z","Unusual number of failed sign-in attempts","Medium","A relatively high number of failed sign-in attempts were observed during a short period. This activity can indicate an attempt to brute-force credentials.

For more information, read the IoT devices and Linux-based systems targeted by OpenSSH trojan campaign Threat Analytics report: https://security.microsoft.com/threatanalytics3/59e6e47e-9992-4d3c-b46e-d5cd825d89c6/analystreport?

Brute force attempt for user 'Account: LinuxMDC\user  - 4294967295'","[""1. Make sure the machine is completely updated and all your software has the latest patch."",""2. Contact your incident response team."",""3. Install and run Microsoft’s Malicious Software Removal Tool (see https://www.microsoft.com/en-us/download/malicious-software-removal-tool-details.aspx)."",""4. Run Microsoft’s Autoruns utility and try to identify unknown applications that are configured to run at login (see https://technet.microsoft.com/en-us/sysinternals/bb963902.aspx)."",""5. Run Process Explorer and try to identify unknown running processes (see https://technet.microsoft.com/en-us/sysinternals/bb896653.aspx).""]","Microsoft","https://portal.azure.com/#blade/Microsoft_Azure_Security_AzureDefenderForData/AlertBlade/location/centralus/subscriptionId/81f5a034-aefd-420d-bba8-59127cfb1924/resourceGroup/mdc-group/alertId/1afcc199-431a-4ab6-d3d5-7aa01b84791f/referencedFrom/csvReport","[{""$id"":""136"",""address"":""222.102.21.104"",""location"":{""countryCode"":""KR"",""countryName"":""Korea (South)"",""state"":""Jeollanam-Do"",""city"":""Muan-Eup"",""longitude"":126.4763,""latitude"":34.9905,""asn"":4766,""carrier"":""Korea Telecom"",""organization"":""Korea Telecom""},""entityIds"":[{""type"":""IPv4Address"",""id"":""222.102.21.104""}],""asset"":false,""rbacScopes"":{""scopesPerType"":{""Workloads"":{""mode"":""All"",""scopes"":[""Mdc""]}}},""type"":""ip""},{""$id"":""137"",""dnsDomain"":""zvlbbg4xmgkurdbjlsym5fvrkd.rx.internal.cloudapp.net"",""hostName"":""linuxmdc"",""entityIds"":[{""type"":""DomainName"",""id"":""linuxmdc.zvlbbg4xmgkurdbjlsym5fvrkd.rx.internal.cloudapp.net""}],""asset"":true,""rbacScopes"":{""scopesPerType"":{""Workloads"":{""mode"":""All"",""scopes"":[""Mdc""]}}},""type"":""host""},{""$id"":""138"",""name"":""root"",""ntDomain"":""LinuxMDC"",""host"":{""$ref"":""137""},""isDomainJoined"":false,""entityIds"":[{""type"":""ActiveDirectorySAMAccountName"",""id"":""domain=linuxmdc;samaccountname=root""}],""asset"":true,""rbacScopes"":{""scopesPerType"":{""Workloads"":{""mode"":""All"",""scopes"":[""Mdc""]}}},""type"":""account""},{""$id"":""139"",""resourceId"":""/subscriptions/81f5a034-aefd-420d-bba8-59127cfb1924/resourcegroups/mdc-group/providers/microsoft.compute/virtualmachines/linuxmdc"",""resourceType"":""Virtual Machine"",""resourceName"":""linuxmdc"",""metadata"":{""IsGraphCenter"":true},""entityIds"":[{""type"":""AzureResourceId"",""id"":""/subscriptions/81f5a034-aefd-420d-bba8-59127cfb1924/resourcegroups/mdc-group/providers/microsoft.compute/virtualmachines/linuxmdc""}],""asset"":true,""rbacScopes"":{""scopesPerType"":{""Workloads"":{""mode"":""All"",""scopes"":[""Mdc""]}}},""type"":""azure-resource""}]",""
"2026-05-28T09:34:42Z","81f5a034-aefd-420d-bba8-59127cfb1924","Azure for Students","mdc-group","virtual machine","linuxmdc","/subscriptions/81f5a034-aefd-420d-bba8-59127cfb1924/resourcegroups/mdc-group/providers/microsoft.compute/virtualmachines/linuxmdc","6bcd563e-ba17-3cfe-fe43-12f1d569a70f","VM.MDATP_32bb6594-fac7-49f8-9c6f-aa633b1c7326","centralus","Alert","2026-05-28T08:54:14Z","2026-05-28T08:59:08Z","Unusual number of failed sign-in attempts","Medium","A relatively high number of failed sign-in attempts were observed during a short period. This activity can indicate an attempt to brute-force credentials.

For more information, read the IoT devices and Linux-based systems targeted by OpenSSH trojan campaign Threat Analytics report: https://security.microsoft.com/threatanalytics3/59e6e47e-9992-4d3c-b46e-d5cd825d89c6/analystreport?

Brute force attempt for user 'Account: LinuxMDC\user  - 4294967295'","[""1. Make sure the machine is completely updated and all your software has the latest patch."",""2. Contact your incident response team."",""3. Install and run Microsoft’s Malicious Software Removal Tool (see https://www.microsoft.com/en-us/download/malicious-software-removal-tool-details.aspx)."",""4. Run Microsoft’s Autoruns utility and try to identify unknown applications that are configured to run at login (see https://technet.microsoft.com/en-us/sysinternals/bb963902.aspx)."",""5. Run Process Explorer and try to identify unknown running processes (see https://technet.microsoft.com/en-us/sysinternals/bb896653.aspx).""]","Microsoft","https://portal.azure.com/#blade/Microsoft_Azure_Security_AzureDefenderForData/AlertBlade/location/centralus/subscriptionId/81f5a034-aefd-420d-bba8-59127cfb1924/resourceGroup/mdc-group/alertId/6bcd563e-ba17-3cfe-fe43-12f1d569a70f/referencedFrom/csvReport","[{""$id"":""143"",""dnsDomain"":""zvlbbg4xmgkurdbjlsym5fvrkd.rx.internal.cloudapp.net"",""hostName"":""linuxmdc"",""entityIds"":[{""type"":""DomainName"",""id"":""linuxmdc.zvlbbg4xmgkurdbjlsym5fvrkd.rx.internal.cloudapp.net""}],""asset"":true,""rbacScopes"":{""scopesPerType"":{""Workloads"":{""mode"":""All"",""scopes"":[""Mdc""]}}},""type"":""host""},{""$id"":""144"",""name"":""root"",""ntDomain"":""LinuxMDC"",""host"":{""$ref"":""143""},""isDomainJoined"":false,""entityIds"":[{""type"":""ActiveDirectorySAMAccountName"",""id"":""domain=linuxmdc;samaccountname=root""}],""asset"":true,""rbacScopes"":{""scopesPerType"":{""Workloads"":{""mode"":""All"",""scopes"":[""Mdc""]}}},""type"":""account""},{""$id"":""145"",""resourceId"":""/subscriptions/81f5a034-aefd-420d-bba8-59127cfb1924/resourcegroups/mdc-group/providers/microsoft.compute/virtualmachines/linuxmdc"",""resourceType"":""Virtual Machine"",""resourceName"":""linuxmdc"",""metadata"":{""IsGraphCenter"":true},""entityIds"":[{""type"":""AzureResourceId"",""id"":""/subscriptions/81f5a034-aefd-420d-bba8-59127cfb1924/resourcegroups/mdc-group/providers/microsoft.compute/virtualmachines/linuxmdc""}],""asset"":true,""rbacScopes"":{""scopesPerType"":{""Workloads"":{""mode"":""All"",""scopes"":[""Mdc""]}}},""type"":""azure-resource""}]",""
"2026-05-28T09:34:42Z","81f5a034-aefd-420d-bba8-59127cfb1924","Azure for Students","mdc-group","virtual machine","linuxmdc","/subscriptions/81f5a034-aefd-420d-bba8-59127cfb1924/resourcegroups/mdc-group/providers/microsoft.compute/virtualmachines/linuxmdc","c3ae66e6-fc20-976d-e1fa-350f816f7c2e","VM.MDATP_32bb6594-fac7-49f8-9c6f-aa633b1c7326","centralus","Alert","2026-05-28T08:54:10Z","2026-05-28T08:59:08Z","Unusual number of failed sign-in attempts","Medium","A relatively high number of failed sign-in attempts were observed during a short period. This activity can indicate an attempt to brute-force credentials.

For more information, read the IoT devices and Linux-based systems targeted by OpenSSH trojan campaign Threat Analytics report: https://security.microsoft.com/threatanalytics3/59e6e47e-9992-4d3c-b46e-d5cd825d89c6/analystreport?

Brute force attempt for user 'Account: LinuxMDC\user  - 4294967295'","[""1. Make sure the machine is completely updated and all your software has the latest patch."",""2. Contact your incident response team."",""3. Install and run Microsoft’s Malicious Software Removal Tool (see https://www.microsoft.com/en-us/download/malicious-software-removal-tool-details.aspx)."",""4. Run Microsoft’s Autoruns utility and try to identify unknown applications that are configured to run at login (see https://technet.microsoft.com/en-us/sysinternals/bb963902.aspx)."",""5. Run Process Explorer and try to identify unknown running processes (see https://technet.microsoft.com/en-us/sysinternals/bb896653.aspx).""]","Microsoft","https://portal.azure.com/#blade/Microsoft_Azure_Security_AzureDefenderForData/AlertBlade/location/centralus/subscriptionId/81f5a034-aefd-420d-bba8-59127cfb1924/resourceGroup/mdc-group/alertId/c3ae66e6-fc20-976d-e1fa-350f816f7c2e/referencedFrom/csvReport","[{""$id"":""149"",""dnsDomain"":""zvlbbg4xmgkurdbjlsym5fvrkd.rx.internal.cloudapp.net"",""hostName"":""linuxmdc"",""entityIds"":[{""type"":""DomainName"",""id"":""linuxmdc.zvlbbg4xmgkurdbjlsym5fvrkd.rx.internal.cloudapp.net""}],""asset"":true,""rbacScopes"":{""scopesPerType"":{""Workloads"":{""mode"":""All"",""scopes"":[""Mdc""]}}},""type"":""host""},{""$id"":""150"",""name"":""root"",""ntDomain"":""LinuxMDC"",""host"":{""$ref"":""149""},""isDomainJoined"":false,""entityIds"":[{""type"":""ActiveDirectorySAMAccountName"",""id"":""domain=linuxmdc;samaccountname=root""}],""asset"":true,""rbacScopes"":{""scopesPerType"":{""Workloads"":{""mode"":""All"",""scopes"":[""Mdc""]}}},""type"":""account""},{""$id"":""151"",""resourceId"":""/subscriptions/81f5a034-aefd-420d-bba8-59127cfb1924/resourcegroups/mdc-group/providers/microsoft.compute/virtualmachines/linuxmdc"",""resourceType"":""Virtual Machine"",""resourceName"":""linuxmdc"",""metadata"":{""IsGraphCenter"":true},""entityIds"":[{""type"":""AzureResourceId"",""id"":""/subscriptions/81f5a034-aefd-420d-bba8-59127cfb1924/resourcegroups/mdc-group/providers/microsoft.compute/virtualmachines/linuxmdc""}],""asset"":true,""rbacScopes"":{""scopesPerType"":{""Workloads"":{""mode"":""All"",""scopes"":[""Mdc""]}}},""type"":""azure-resource""}]",""
"2026-05-28T09:34:42Z","81f5a034-aefd-420d-bba8-59127cfb1924","Azure for Students","mdc-group","virtual machine","linuxmdc","/subscriptions/81f5a034-aefd-420d-bba8-59127cfb1924/resourcegroups/mdc-group/providers/microsoft.compute/virtualmachines/linuxmdc","e09666cd-8519-3cf5-c5d3-79f90c9e7686","VM.MDATP_32bb6594-fac7-49f8-9c6f-aa633b1c7326","centralus","Alert","2026-05-28T08:41:33Z","2026-05-28T08:42:33Z","Unusual number of failed sign-in attempts","Medium","A relatively high number of failed sign-in attempts were observed during a short period. This activity can indicate an attempt to brute-force credentials.

For more information, read the IoT devices and Linux-based systems targeted by OpenSSH trojan campaign Threat Analytics report: https://security.microsoft.com/threatanalytics3/59e6e47e-9992-4d3c-b46e-d5cd825d89c6/analystreport?

Brute force attempt for user 'Account: LinuxMDC\MdcUser  - 1000  (MdcUser  - 1000)'","[""1. Make sure the machine is completely updated and all your software has the latest patch."",""2. Contact your incident response team."",""3. Install and run Microsoft’s Malicious Software Removal Tool (see https://www.microsoft.com/en-us/download/malicious-software-removal-tool-details.aspx)."",""4. Run Microsoft’s Autoruns utility and try to identify unknown applications that are configured to run at login (see https://technet.microsoft.com/en-us/sysinternals/bb963902.aspx)."",""5. Run Process Explorer and try to identify unknown running processes (see https://technet.microsoft.com/en-us/sysinternals/bb896653.aspx).""]","Microsoft","https://portal.azure.com/#blade/Microsoft_Azure_Security_AzureDefenderForData/AlertBlade/location/centralus/subscriptionId/81f5a034-aefd-420d-bba8-59127cfb1924/resourceGroup/mdc-group/alertId/e09666cd-8519-3cf5-c5d3-79f90c9e7686/referencedFrom/csvReport","[{""$id"":""155"",""directory"":""/usr/sbin/"",""name"":""sshd"",""fileHashes"":[{""$id"":""156"",""algorithm"":""SHA1"",""value"":""4206d6ecbcf171150d3f0c1ad77f138bbc68ae34"",""friendlyName"":""SHA1/4206d6ecbcf171150d3f0c1ad77f138bbc68ae34"",""asset"":false,""rbacScopes"":{""scopesPerType"":{""Workloads"":{""mode"":""All"",""scopes"":[""Mdc""]}}},""type"":""filehash""},{""$id"":""157"",""algorithm"":""MD5"",""value"":""8fa8a96f6b61635e06a6322fefb08d3f"",""friendlyName"":""MD5/8fa8a96f6b61635e06a6322fefb08d3f"",""asset"":false,""rbacScopes"":{""scopesPerType"":{""Workloads"":{""mode"":""All"",""scopes"":[""Mdc""]}}},""type"":""filehash""},{""$id"":""158"",""algorithm"":""SHA256"",""value"":""660dc5637b0530b9af0e009a0e26aa93030b22981a659a4504762032b4f4b4f6"",""friendlyName"":""SHA256/660dc5637b0530b9af0e009a0e26aa93030b22981a659a4504762032b4f4b4f6"",""asset"":false,""rbacScopes"":{""scopesPerType"":{""Workloads"":{""mode"":""All"",""scopes"":[""Mdc""]}}},""type"":""filehash""}],""asset"":false,""rbacScopes"":{""scopesPerType"":{""Workloads"":{""mode"":""All"",""scopes"":[""Mdc""]}}},""type"":""file""},{""$ref"":""156""},{""$ref"":""157""},{""$ref"":""158""},{""$id"":""159"",""dnsDomain"":""zvlbbg4xmgkurdbjlsym5fvrkd.rx.internal.cloudapp.net"",""hostName"":""linuxmdc"",""entityIds"":[{""type"":""DomainName"",""id"":""linuxmdc.zvlbbg4xmgkurdbjlsym5fvrkd.rx.internal.cloudapp.net""}],""asset"":true,""rbacScopes"":{""scopesPerType"":{""Workloads"":{""mode"":""All"",""scopes"":[""Mdc""]}}},""type"":""host""},{""$id"":""160"",""name"":""root"",""ntDomain"":""LinuxMDC"",""host"":{""$ref"":""159""},""isDomainJoined"":false,""entityIds"":[{""type"":""ActiveDirectorySAMAccountName"",""id"":""domain=linuxmdc;samaccountname=root""}],""asset"":true,""rbacScopes"":{""scopesPerType"":{""Workloads"":{""mode"":""All"",""scopes"":[""Mdc""]}}},""type"":""account""},{""$id"":""161"",""resourceId"":""/subscriptions/81f5a034-aefd-420d-bba8-59127cfb1924/resourcegroups/mdc-group/providers/microsoft.compute/virtualmachines/linuxmdc"",""resourceType"":""Virtual Machine"",""resourceName"":""linuxmdc"",""metadata"":{""IsGraphCenter"":true},""entityIds"":[{""type"":""AzureResourceId"",""id"":""/subscriptions/81f5a034-aefd-420d-bba8-59127cfb1924/resourcegroups/mdc-group/providers/microsoft.compute/virtualmachines/linuxmdc""}],""asset"":true,""rbacScopes"":{""scopesPerType"":{""Workloads"":{""mode"":""All"",""scopes"":[""Mdc""]}}},""type"":""azure-resource""}]",""
"2026-05-28T09:34:42Z","81f5a034-aefd-420d-bba8-59127cfb1924","Azure for Students","mdc-group","virtual machine","linuxmdc","/subscriptions/81f5a034-aefd-420d-bba8-59127cfb1924/resourcegroups/mdc-group/providers/microsoft.compute/virtualmachines/linuxmdc","7b250c62-32e6-2537-70a8-b669c42da7e1","VM.MDATP_32bb6594-fac7-49f8-9c6f-aa633b1c7326","centralus","Alert","2026-05-28T08:41:33Z","2026-05-28T08:42:33Z","Unusual number of failed sign-in attempts","Medium","A relatively high number of failed sign-in attempts were observed during a short period. This activity can indicate an attempt to brute-force credentials.

For more information, read the IoT devices and Linux-based systems targeted by OpenSSH trojan campaign Threat Analytics report: https://security.microsoft.com/threatanalytics3/59e6e47e-9992-4d3c-b46e-d5cd825d89c6/analystreport?

Brute force attempt for user 'Account: LinuxMDC\MdcUser  - 1000  (MdcUser  - 1000)'","[""1. Make sure the machine is completely updated and all your software has the latest patch."",""2. Contact your incident response team."",""3. Install and run Microsoft’s Malicious Software Removal Tool (see https://www.microsoft.com/en-us/download/malicious-software-removal-tool-details.aspx)."",""4. Run Microsoft’s Autoruns utility and try to identify unknown applications that are configured to run at login (see https://technet.microsoft.com/en-us/sysinternals/bb963902.aspx)."",""5. Run Process Explorer and try to identify unknown running processes (see https://technet.microsoft.com/en-us/sysinternals/bb896653.aspx).""]","Microsoft","https://portal.azure.com/#blade/Microsoft_Azure_Security_AzureDefenderForData/AlertBlade/location/centralus/subscriptionId/81f5a034-aefd-420d-bba8-59127cfb1924/resourceGroup/mdc-group/alertId/7b250c62-32e6-2537-70a8-b669c42da7e1/referencedFrom/csvReport","[{""$id"":""165"",""address"":""152.58.188.16"",""location"":{""countryCode"":""IN"",""countryName"":""India"",""state"":""Bihar"",""city"":""Khagaul"",""longitude"":85.04,""latitude"":25.5794,""asn"":55836,""carrier"":""Reliance Jio Infocomm Limited"",""organization"":""Reliance Jio Infocomm Limited""},""entityIds"":[{""type"":""IPv4Address"",""id"":""152.58.188.16""}],""asset"":false,""rbacScopes"":{""scopesPerType"":{""Workloads"":{""mode"":""All"",""scopes"":[""Mdc""]}}},""type"":""ip""},{""$id"":""166"",""dnsDomain"":""zvlbbg4xmgkurdbjlsym5fvrkd.rx.internal.cloudapp.net"",""hostName"":""linuxmdc"",""entityIds"":[{""type"":""DomainName"",""id"":""linuxmdc.zvlbbg4xmgkurdbjlsym5fvrkd.rx.internal.cloudapp.net""}],""asset"":true,""rbacScopes"":{""scopesPerType"":{""Workloads"":{""mode"":""All"",""scopes"":[""Mdc""]}}},""type"":""host""},{""$id"":""167"",""name"":""root"",""ntDomain"":""LinuxMDC"",""host"":{""$ref"":""166""},""isDomainJoined"":false,""entityIds"":[{""type"":""ActiveDirectorySAMAccountName"",""id"":""domain=linuxmdc;samaccountname=root""}],""asset"":true,""rbacScopes"":{""scopesPerType"":{""Workloads"":{""mode"":""All"",""scopes"":[""Mdc""]}}},""type"":""account""},{""$id"":""168"",""resourceId"":""/subscriptions/81f5a034-aefd-420d-bba8-59127cfb1924/resourcegroups/mdc-group/providers/microsoft.compute/virtualmachines/linuxmdc"",""resourceType"":""Virtual Machine"",""resourceName"":""linuxmdc"",""metadata"":{""IsGraphCenter"":true},""entityIds"":[{""type"":""AzureResourceId"",""id"":""/subscriptions/81f5a034-aefd-420d-bba8-59127cfb1924/resourcegroups/mdc-group/providers/microsoft.compute/virtualmachines/linuxmdc""}],""asset"":true,""rbacScopes"":{""scopesPerType"":{""Workloads"":{""mode"":""All"",""scopes"":[""Mdc""]}}},""type"":""azure-resource""}]",""
"2026-05-28T09:34:42Z","81f5a034-aefd-420d-bba8-59127cfb1924","Azure for Students","mdc-group","virtual machine","linuxmdc","/subscriptions/81f5a034-aefd-420d-bba8-59127cfb1924/resourcegroups/mdc-group/providers/microsoft.compute/virtualmachines/linuxmdc","130c976f-77d4-feca-4708-c590174d31ce","VM.MDATP_32bb6594-fac7-49f8-9c6f-aa633b1c7326","centralus","Alert","2026-05-28T08:41:16Z","2026-05-28T08:42:33Z","Unusual number of failed sign-in attempts","Medium","A relatively high number of failed sign-in attempts were observed during a short period. This activity can indicate an attempt to brute-force credentials.

For more information, read the IoT devices and Linux-based systems targeted by OpenSSH trojan campaign Threat Analytics report: https://security.microsoft.com/threatanalytics3/59e6e47e-9992-4d3c-b46e-d5cd825d89c6/analystreport?

Brute force attempt for user 'Account: LinuxMDC\MdcUser  - 1000  (MdcUser  - 1000)'","[""1. Make sure the machine is completely updated and all your software has the latest patch."",""2. Contact your incident response team."",""3. Install and run Microsoft’s Malicious Software Removal Tool (see https://www.microsoft.com/en-us/download/malicious-software-removal-tool-details.aspx)."",""4. Run Microsoft’s Autoruns utility and try to identify unknown applications that are configured to run at login (see https://technet.microsoft.com/en-us/sysinternals/bb963902.aspx)."",""5. Run Process Explorer and try to identify unknown running processes (see https://technet.microsoft.com/en-us/sysinternals/bb896653.aspx).""]","Microsoft","https://portal.azure.com/#blade/Microsoft_Azure_Security_AzureDefenderForData/AlertBlade/location/centralus/subscriptionId/81f5a034-aefd-420d-bba8-59127cfb1924/resourceGroup/mdc-group/alertId/130c976f-77d4-feca-4708-c590174d31ce/referencedFrom/csvReport","[{""$id"":""172"",""directory"":""/usr/sbin/"",""name"":""sshd"",""fileHashes"":[{""$id"":""173"",""algorithm"":""SHA1"",""value"":""4206d6ecbcf171150d3f0c1ad77f138bbc68ae34"",""friendlyName"":""SHA1/4206d6ecbcf171150d3f0c1ad77f138bbc68ae34"",""asset"":false,""rbacScopes"":{""scopesPerType"":{""Workloads"":{""mode"":""All"",""scopes"":[""Mdc""]}}},""type"":""filehash""},{""$id"":""174"",""algorithm"":""MD5"",""value"":""8fa8a96f6b61635e06a6322fefb08d3f"",""friendlyName"":""MD5/8fa8a96f6b61635e06a6322fefb08d3f"",""asset"":false,""rbacScopes"":{""scopesPerType"":{""Workloads"":{""mode"":""All"",""scopes"":[""Mdc""]}}},""type"":""filehash""},{""$id"":""175"",""algorithm"":""SHA256"",""value"":""660dc5637b0530b9af0e009a0e26aa93030b22981a659a4504762032b4f4b4f6"",""friendlyName"":""SHA256/660dc5637b0530b9af0e009a0e26aa93030b22981a659a4504762032b4f4b4f6"",""asset"":false,""rbacScopes"":{""scopesPerType"":{""Workloads"":{""mode"":""All"",""scopes"":[""Mdc""]}}},""type"":""filehash""}],""asset"":false,""rbacScopes"":{""scopesPerType"":{""Workloads"":{""mode"":""All"",""scopes"":[""Mdc""]}}},""type"":""file""},{""$ref"":""173""},{""$ref"":""174""},{""$ref"":""175""},{""$id"":""176"",""dnsDomain"":""zvlbbg4xmgkurdbjlsym5fvrkd.rx.internal.cloudapp.net"",""hostName"":""linuxmdc"",""entityIds"":[{""type"":""DomainName"",""id"":""linuxmdc.zvlbbg4xmgkurdbjlsym5fvrkd.rx.internal.cloudapp.net""}],""asset"":true,""rbacScopes"":{""scopesPerType"":{""Workloads"":{""mode"":""All"",""scopes"":[""Mdc""]}}},""type"":""host""},{""$id"":""177"",""name"":""root"",""ntDomain"":""LinuxMDC"",""host"":{""$ref"":""176""},""isDomainJoined"":false,""entityIds"":[{""type"":""ActiveDirectorySAMAccountName"",""id"":""domain=linuxmdc;samaccountname=root""}],""asset"":true,""rbacScopes"":{""scopesPerType"":{""Workloads"":{""mode"":""All"",""scopes"":[""Mdc""]}}},""type"":""account""},{""$id"":""178"",""resourceId"":""/subscriptions/81f5a034-aefd-420d-bba8-59127cfb1924/resourcegroups/mdc-group/providers/microsoft.compute/virtualmachines/linuxmdc"",""resourceType"":""Virtual Machine"",""resourceName"":""linuxmdc"",""metadata"":{""IsGraphCenter"":true},""entityIds"":[{""type"":""AzureResourceId"",""id"":""/subscriptions/81f5a034-aefd-420d-bba8-59127cfb1924/resourcegroups/mdc-group/providers/microsoft.compute/virtualmachines/linuxmdc""}],""asset"":true,""rbacScopes"":{""scopesPerType"":{""Workloads"":{""mode"":""All"",""scopes"":[""Mdc""]}}},""type"":""azure-resource""}]",""
